"","State.Name","year","State.Code","mean_CO"
"1","Alabama",1996,1,0.687880797162768
"2","Alabama",1997,1,0.716141676037483
"3","Alabama",1998,1,0.839781675843083
"4","Alabama",1999,1,0.990095455218618
"5","Alabama",2000,1,0.977044331714087
"6","Alabama",2001,1,1.19694775463822
"7","Alabama",2002,1,0.688543743472855
"8","Alabama",2003,1,0.412167955547254
"9","Alabama",2004,1,0.530267474954463
"10","Alabama",2005,1,0.686047474145891
"11","Alabama",2006,1,0.730185683608059
"12","Alabama",2007,1,0.630360514172054
"13","Alabama",2008,1,0.640017716368768
"14","Alabama",2009,1,0.533339480109739
"15","Alabama",2010,1,0.364471290610329
"16","Alabama",2011,1,0.339709086048159
"17","Alabama",2012,1,0.360635832207207
"18","Alabama",2013,1,0.322695644042789
"19","Alabama",2014,1,0.365420152705963
"20","Alabama",2015,1,0.380502621153166
"21","Alabama",2016,1,0.338759256181998
"22","Alabama",2017,1,0.304860828806064
"23","Alaska",1996,2,1.9678588609918
"24","Alaska",1997,2,1.70109325323625
"25","Alaska",1998,2,1.82043476056911
"26","Alaska",1999,2,1.59059719411297
"27","Alaska",2000,2,1.42694056144484
"28","Alaska",2001,2,1.40619798086887
"29","Alaska",2002,2,1.23944720944742
"30","Alaska",2003,2,1.06719044348185
"31","Alaska",2004,2,1.11312471288056
"32","Alaska",2005,2,1.00452426243259
"33","Alaska",2006,2,0.882781233808554
"34","Alaska",2007,2,0.821515263992948
"35","Alaska",2008,2,0.879493842549203
"36","Alaska",2009,2,0.798253008604206
"37","Alaska",2010,2,0.943031806675063
"38","Alaska",2011,2,0.63691279667841
"39","Alaska",2012,2,0.682588933385275
"40","Alaska",2013,2,0.554919362191781
"41","Alaska",2014,2,0.595563631651693
"42","Alaska",2015,2,0.481522846379648
"43","Alaska",2016,2,0.492113974683544
"44","Alaska",2017,2,0.471534343367827
"45","Arizona",1996,4,1.24362807833041
"46","Arizona",1997,4,1.10457484605835
"47","Arizona",1998,4,0.986398258738349
"48","Arizona",1999,4,1.10454218350079
"49","Arizona",2000,4,0.997398970017159
"50","Arizona",2001,4,0.906493814031377
"51","Arizona",2002,4,0.873025203622344
"52","Arizona",2003,4,0.801878067712634
"53","Arizona",2004,4,0.65757513573975
"54","Arizona",2005,4,0.641697678162974
"55","Arizona",2006,4,0.572292150325141
"56","Arizona",2007,4,0.507562282321429
"57","Arizona",2008,4,0.417369638642534
"58","Arizona",2009,4,0.411379517447844
"59","Arizona",2010,4,0.40390973566911
"60","Arizona",2011,4,0.38513299795545
"61","Arizona",2012,4,0.394270758676093
"62","Arizona",2013,4,0.360944592522974
"63","Arizona",2014,4,0.397211491996465
"64","Arizona",2015,4,0.389268475530491
"65","Arizona",2016,4,0.361875786783744
"66","Arizona",2017,4,0.311578401201529
"67","Arkansas",1996,5,1.4146672872777
"68","Arkansas",1997,5,1.36534432952924
"69","Arkansas",1998,5,1.9415400718232
"70","Arkansas",1999,5,1.37582545592287
"71","Arkansas",2000,5,1.17900134289617
"72","Arkansas",2001,5,0.812021734439834
"73","Arkansas",2002,5,0.591625496483826
"74","Arkansas",2003,5,0.465455577134986
"75","Arkansas",2004,5,0.378975982240437
"76","Arkansas",2005,5,0.386826630136986
"77","Arkansas",2006,5,0.566412891780822
"78","Arkansas",2007,5,0.589410691780822
"79","Arkansas",2008,5,0.443435042349727
"80","Arkansas",2009,5,0.423285312328767
"81","Arkansas",2010,5,0.455625891274238
"82","Arkansas",2011,5,0.447883271917808
"83","Arkansas",2012,5,0.46787532809296
"84","Arkansas",2013,5,0.384976636986301
"85","Arkansas",2014,5,0.347970769863014
"86","Arkansas",2015,5,0.306777873972603
"87","Arkansas",2016,5,0.29559318989071
"88","Arkansas",2017,5,0.404196142465753
"89","California",1996,6,0.782560477956603
"90","California",1997,6,0.748758897883932
"91","California",1998,6,0.759300906852248
"92","California",1999,6,0.763130056845223
"93","California",2000,6,0.669330830465142
"94","California",2001,6,0.629438744787187
"95","California",2002,6,0.583298514827586
"96","California",2003,6,0.542293172339402
"97","California",2004,6,0.482678011685037
"98","California",2005,6,0.457420153524822
"99","California",2006,6,0.461964402195233
"100","California",2007,6,0.433088555177031
"101","California",2008,6,0.407511281578466
"102","California",2009,6,0.368802896824471
"103","California",2010,6,0.342976867755118
"104","California",2011,6,0.359915429317285
"105","California",2012,6,0.349654453374183
"106","California",2013,6,0.342753410958096
"107","California",2014,6,0.323674531322915
"108","California",2015,6,0.332315990918691
"109","California",2016,6,0.326664712470778
"110","California",2017,6,0.340594199775268
"111","Colorado",1996,8,0.858034104313563
"112","Colorado",1997,8,0.851101685367595
"113","Colorado",1998,8,0.851664677021139
"114","Colorado",1999,8,0.834055368908545
"115","Colorado",2000,8,0.738013434854634
"116","Colorado",2001,8,0.710121081012437
"117","Colorado",2002,8,0.681749538350538
"118","Colorado",2003,8,0.647339084652151
"119","Colorado",2004,8,0.607732234697709
"120","Colorado",2005,8,0.574286608359436
"121","Colorado",2006,8,0.496055600907925
"122","Colorado",2007,8,0.466312377440024
"123","Colorado",2008,8,0.428480900853375
"124","Colorado",2009,8,0.398366517368929
"125","Colorado",2010,8,0.39020996770619
"126","Colorado",2011,8,0.340876923001126
"127","Colorado",2012,8,0.319406597598136
"128","Colorado",2013,8,0.324703051751478
"129","Colorado",2014,8,0.351576349229427
"130","Colorado",2015,8,0.384983820120981
"131","Colorado",2016,8,0.358532750078149
"132","Colorado",2017,8,0.325461655742726
"133","Connecticut",1996,9,1.05667134304318
"134","Connecticut",1997,9,1.07237665514184
"135","Connecticut",1998,9,1.06163338059907
"136","Connecticut",1999,9,0.875764378745838
"137","Connecticut",2000,9,0.825454093370166
"138","Connecticut",2001,9,0.886644370923162
"139","Connecticut",2002,9,0.869034829322268
"140","Connecticut",2003,9,0.820866070077864
"141","Connecticut",2004,9,0.754558577188146
"142","Connecticut",2005,9,0.827604538150808
"143","Connecticut",2006,9,0.684183790243902
"144","Connecticut",2007,9,0.515974263048499
"145","Connecticut",2008,9,0.479039815222712
"146","Connecticut",2009,9,0.444037511279926
"147","Connecticut",2010,9,0.398696669800504
"148","Connecticut",2011,9,0.345067390307949
"149","Connecticut",2012,9,0.320282502208789
"150","Connecticut",2013,9,0.296519130631831
"151","Connecticut",2014,9,0.267383347583124
"152","Connecticut",2015,9,0.283634340384615
"153","Connecticut",2016,9,0.264806910071942
"154","Connecticut",2017,9,0.268103305851924
"155","Country Of Mexico",1996,80,1.0182703509133
"156","Country Of Mexico",1997,80,1.29499368761302
"157","Country Of Mexico",1998,80,1.45388357940754
"158","Country Of Mexico",1999,80,1.47040898281202
"159","Country Of Mexico",2000,80,1.26821962627832
"160","Country Of Mexico",2001,80,1.1452259132956
"161","Country Of Mexico",2002,80,1.17537668574384
"162","Country Of Mexico",2003,80,0.983829987503396
"163","Country Of Mexico",2004,80,0.914858027612903
"164","Country Of Mexico",2005,80,0.834318842529604
"165","Country Of Mexico",2006,80,0.752331382155272
"166","Country Of Mexico",2007,80,0.65615890562249
"167","Country Of Mexico",2008,80,0.6824379046515
"168","Country Of Mexico",2009,80,0.659900350642398
"169","Country Of Mexico",2010,80,0.582310223446235
"170","Country Of Mexico",2011,80,0.918429078622611
"171","Country Of Mexico",2012,80,0.544793409757653
"172","Country Of Mexico",2013,80,0.666377890790546
"173","Country Of Mexico",2014,80,0.464238292565947
"174","Delaware",1996,10,0.766622600684931
"175","Delaware",1997,10,0.744575403713893
"176","Delaware",1998,10,0.606219714791224
"177","Delaware",1999,10,0.589479886435331
"178","Delaware",2000,10,0.580337319454415
"179","Delaware",2001,10,0.518238590405904
"180","Delaware",2002,10,0.47169681042988
"181","Delaware",2003,10,0.467689285714286
"182","Delaware",2004,10,0.447063841446453
"183","Delaware",2005,10,0.471874048630137
"184","Delaware",2006,10,0.411055328719723
"185","Delaware",2007,10,0.31341879501385
"186","Delaware",2008,10,0.307114381906077
"187","Delaware",2009,10,0.25864540403338
"188","Delaware",2010,10,0.359566887769784
"189","Delaware",2011,10,0.285896067035245
"190","Delaware",2012,10,0.277460797307997
"191","Delaware",2013,10,0.295630301972686
"192","Delaware",2014,10,0.237570353205849
"193","Delaware",2015,10,0.309838460580913
"194","Delaware",2016,10,0.25873792022792
"195","Delaware",2017,10,0.265237757575758
"196","District Of Columbia",1996,11,1.11618965623284
"197","District Of Columbia",1997,11,1.03291820958904
"198","District Of Columbia",1998,11,1.1841490239726
"199","District Of Columbia",1999,11,1.06661882328767
"200","District Of Columbia",2000,11,1.1252927739071
"201","District Of Columbia",2001,11,1.00943207539411
"202","District Of Columbia",2002,11,1.07280423763736
"203","District Of Columbia",2003,11,0.940425131124914
"204","District Of Columbia",2004,11,0.745113943228454
"205","District Of Columbia",2005,11,0.863406197945205
"206","District Of Columbia",2006,11,0.941187563013699
"207","District Of Columbia",2007,11,0.924792205003475
"208","District Of Columbia",2008,11,0.920627036885246
"209","District Of Columbia",2009,11,0.857551171134021
"210","District Of Columbia",2010,11,0.867927509252913
"211","District Of Columbia",2011,11,0.694592815056313
"212","District Of Columbia",2012,11,0.639856688912244
"213","District Of Columbia",2013,11,0.414290302612124
"214","District Of Columbia",2014,11,0.430950000618047
"215","District Of Columbia",2015,11,0.408171991789819
"216","District Of Columbia",2016,11,0.479249146518745
"217","District Of Columbia",2017,11,0.325205602635229
"218","Florida",1996,12,0.778234609251456
"219","Florida",1997,12,0.757015568100808
"220","Florida",1998,12,0.752274628129602
"221","Florida",1999,12,0.708371958316633
"222","Florida",2000,12,0.682809308633136
"223","Florida",2001,12,0.652153168297197
"224","Florida",2002,12,0.616890157779255
"225","Florida",2003,12,0.630286171404896
"226","Florida",2004,12,0.640139251714587
"227","Florida",2005,12,0.537597503864798
"228","Florida",2006,12,0.530876178860159
"229","Florida",2007,12,0.48762367855901
"230","Florida",2008,12,0.416053694487881
"231","Florida",2009,12,0.365502322599532
"232","Florida",2010,12,0.296327608074123
"233","Florida",2011,12,0.229623680226145
"234","Florida",2012,12,0.227510479983492
"235","Florida",2013,12,0.181086465793919
"236","Florida",2014,12,0.231470722229227
"237","Florida",2015,12,0.258838921360033
"238","Florida",2016,12,0.332053882890142
"239","Florida",2017,12,0.302287713851881
"240","Georgia",1996,13,0.960646632192846
"241","Georgia",1997,13,0.884701023287671
"242","Georgia",1998,13,0.950749182068966
"243","Georgia",1999,13,0.782468235129461
"244","Georgia",2000,13,0.666944810736407
"245","Georgia",2001,13,0.730565528631285
"246","Georgia",2002,13,0.567154702374059
"247","Georgia",2003,13,0.534499009936766
"248","Georgia",2004,13,0.472804499031946
"249","Georgia",2005,13,0.492966102199817
"250","Georgia",2006,13,0.50181182283105
"251","Georgia",2007,13,0.421764546049556
"252","Georgia",2008,13,0.373678158704883
"253","Georgia",2009,13,0.289467519656898
"254","Georgia",2010,13,0.321563202752294
"255","Georgia",2011,13,0.318733331344654
"256","Georgia",2012,13,0.326273905224226
"257","Georgia",2013,13,0.322592694954128
"258","Georgia",2014,13,0.334129460365854
"259","Georgia",2015,13,0.455684902097902
"260","Georgia",2016,13,0.554942624430956
"261","Georgia",2017,13,0.465438076752768
"262","Hawaii",1996,15,0.652281147100424
"263","Hawaii",1997,15,0.61131674539545
"264","Hawaii",1998,15,0.545771217345133
"265","Hawaii",1999,15,0.481963159057437
"266","Hawaii",2000,15,0.489714128310973
"267","Hawaii",2001,15,0.52519598490048
"268","Hawaii",2002,15,0.512532046896086
"269","Hawaii",2003,15,0.619434996218632
"270","Hawaii",2004,15,0.614578495429616
"271","Hawaii",2005,15,0.502086397808219
"272","Hawaii",2006,15,0.397565617045455
"273","Hawaii",2007,15,0.383576925240055
"274","Hawaii",2008,15,0.378390629865534
"275","Hawaii",2009,15,0.347064038727524
"276","Hawaii",2010,15,0.286049204109589
"277","Hawaii",2011,15,0.348887384277558
"278","Hawaii",2012,15,0.39640986123733
"279","Hawaii",2013,15,0.428323945958017
"280","Hawaii",2014,15,0.369053091782284
"281","Hawaii",2015,15,0.43519821728972
"282","Hawaii",2016,15,0.374009054434538
"283","Hawaii",2017,15,0.291036500711238
"284","Idaho",1996,16,1.13291535724138
"285","Idaho",1997,16,1.20157193103448
"286","Idaho",1998,16,1.18230400343879
"287","Idaho",1999,16,1.35621239036697
"288","Idaho",2000,16,1.14156327868852
"289","Idaho",2001,16,1.13816097827092
"290","Idaho",2002,16,0.769201305933587
"291","Idaho",2003,16,0.873585596924511
"292","Idaho",2004,16,0.98948903551532
"293","Idaho",2005,16,0.917949748968363
"294","Idaho",2006,16,0.638460972027972
"295","Idaho",2007,16,0.548854863636364
"296","Idaho",2008,16,0.689877536363636
"297","Idaho",2009,16,0.436381815240834
"298","Idaho",2010,16,0.310770265224359
"299","Idaho",2011,16,0.271950680806676
"300","Idaho",2012,16,0.28749396742671
"301","Idaho",2013,16,0.295455257042254
"302","Idaho",2014,16,0.282463638151876
"303","Idaho",2015,16,0.320768611721612
"304","Idaho",2016,16,0.295968733004386
"305","Idaho",2017,16,0.333356670301475
"306","Illinois",1996,17,0.810101252183628
"307","Illinois",1997,17,0.798006288036549
"308","Illinois",1998,17,0.881931567155912
"309","Illinois",1999,17,0.909892190174763
"310","Illinois",2000,17,0.767584540372671
"311","Illinois",2001,17,0.79563941614336
"312","Illinois",2002,17,0.774153826882048
"313","Illinois",2003,17,0.677052137598899
"314","Illinois",2004,17,0.68010905320787
"315","Illinois",2005,17,0.590494073997234
"316","Illinois",2006,17,0.511898955309198
"317","Illinois",2007,17,0.438464280304231
"318","Illinois",2008,17,0.409284589563625
"319","Illinois",2009,17,0.401770050133585
"320","Illinois",2010,17,0.411964747370125
"321","Illinois",2011,17,0.418425271044033
"322","Illinois",2012,17,0.388191976277663
"323","Illinois",2013,17,0.229082345750873
"324","Illinois",2014,17,0.23757124490835
"325","Illinois",2015,17,0.252550379118094
"326","Illinois",2016,17,0.223739717085427
"327","Illinois",2017,17,0.217504465822785
"328","Indiana",1996,18,0.69866642472218
"329","Indiana",1997,18,0.735675953736001
"330","Indiana",1998,18,0.753478057430641
"331","Indiana",1999,18,0.801396328709819
"332","Indiana",2000,18,0.750564055975208
"333","Indiana",2001,18,0.663444226895407
"334","Indiana",2002,18,0.686135618688982
"335","Indiana",2003,18,0.680109727248394
"336","Indiana",2004,18,0.672953003679692
"337","Indiana",2005,18,0.57310610830136
"338","Indiana",2006,18,0.590047842317116
"339","Indiana",2007,18,0.529272308246597
"340","Indiana",2008,18,0.53476352229907
"341","Indiana",2009,18,0.580067644776119
"342","Indiana",2010,18,0.564605564372044
"343","Indiana",2011,18,0.540096114942529
"344","Indiana",2012,18,0.561526300046992
"345","Indiana",2013,18,0.407948916705772
"346","Indiana",2014,18,0.383939386090514
"347","Indiana",2015,18,0.413840094768311
"348","Indiana",2016,18,0.307246646992375
"349","Indiana",2017,18,0.408415059540686
"350","Iowa",1996,19,0.889718716238204
"351","Iowa",1997,19,0.741373988355167
"352","Iowa",1998,19,0.761958656469268
"353","Iowa",1999,19,0.677154843951726
"354","Iowa",2000,19,0.523353200833333
"355","Iowa",2001,19,0.568960453488372
"356","Iowa",2002,19,0.526589814967105
"357","Iowa",2003,19,0.539052217005439
"358","Iowa",2004,19,0.536694744230769
"359","Iowa",2005,19,0.327766534574468
"360","Iowa",2006,19,0.297506698174323
"361","Iowa",2007,19,0.253204227099237
"362","Iowa",2008,19,0.25954538661009
"363","Iowa",2009,19,0.243029820888469
"364","Iowa",2010,19,0.246716507469655
"365","Iowa",2011,19,0.210763140292867
"366","Iowa",2012,19,0.223520596127248
"367","Iowa",2013,19,0.209720941258741
"368","Iowa",2014,19,0.207773417124542
"369","Iowa",2015,19,0.213900409007353
"370","Iowa",2016,19,0.210812860625575
"371","Iowa",2017,19,0.210456133209129
"372","Kansas",1996,20,0.52060953580673
"373","Kansas",1997,20,0.483165332963682
"374","Kansas",1998,20,0.613381623719342
"375","Kansas",1999,20,0.626206743381956
"376","Kansas",2000,20,0.619401898157625
"377","Kansas",2001,20,0.370530933403068
"378","Kansas",2002,20,0.46617942449503
"379","Kansas",2003,20,0.310628393246187
"380","Kansas",2004,20,0.369346841713881
"381","Kansas",2005,20,0.470551313090909
"382","Kansas",2006,20,0.403934845439189
"383","Kansas",2007,20,0.429035863731656
"384","Kansas",2008,20,0.378522590261828
"385","Kansas",2009,20,0.308137549203374
"386","Kansas",2010,20,0.432101928310502
"387","Kansas",2011,20,0.295224052025783
"388","Kansas",2012,20,0.376133305912596
"389","Kansas",2013,20,0.365130837360595
"390","Kansas",2014,20,0.265495796918768
"391","Kansas",2015,20,0.285033536931818
"392","Kansas",2016,20,0.225583312138728
"393","Kansas",2017,20,0.188914266961652
"394","Kentucky",1996,21,0.691734299881517
"395","Kentucky",1997,21,0.662643278565664
"396","Kentucky",1998,21,0.672209939527147
"397","Kentucky",1999,21,0.530818917541419
"398","Kentucky",2000,21,0.311244877474785
"399","Kentucky",2001,21,0.376926082961641
"400","Kentucky",2002,21,0.3832120320802
"401","Kentucky",2003,21,0.506054888376384
"402","Kentucky",2004,21,0.647719134163209
"403","Kentucky",2005,21,0.529168791752577
"404","Kentucky",2006,21,0.663749188547486
"405","Kentucky",2007,21,0.589569681219681
"406","Kentucky",2008,21,0.384145312674095
"407","Kentucky",2009,21,0.632481980980981
"408","Kentucky",2010,21,0.432191458677686
"409","Kentucky",2011,21,0.439026046613256
"410","Kentucky",2012,21,0.320975631001372
"411","Kentucky",2013,21,0.269305579020979
"412","Kentucky",2014,21,0.268305770507349
"413","Kentucky",2015,21,0.247307904204364
"414","Kentucky",2016,21,0.260282171931642
"415","Kentucky",2017,21,0.235416878959811
"416","Louisiana",1996,22,0.775259584265734
"417","Louisiana",1997,22,0.674234150275735
"418","Louisiana",1998,22,0.806087999540018
"419","Louisiana",1999,22,0.741263026027397
"420","Louisiana",2000,22,0.712586610655738
"421","Louisiana",2001,22,0.794333713293191
"422","Louisiana",2002,22,0.638985662621359
"423","Louisiana",2003,22,0.801680506012951
"424","Louisiana",2004,22,0.698220012396694
"425","Louisiana",2005,22,0.570998539272536
"426","Louisiana",2006,22,0.371438271683673
"427","Louisiana",2007,22,0.381369308988764
"428","Louisiana",2008,22,0.283357174757282
"429","Louisiana",2009,22,0.221606456164384
"430","Louisiana",2010,22,0.246924026315789
"431","Louisiana",2011,22,0.221414979395604
"432","Louisiana",2012,22,0.221186659279778
"433","Louisiana",2013,22,0.203553163013699
"434","Louisiana",2014,22,0.2654498375
"435","Louisiana",2015,22,0.472752424964937
"436","Louisiana",2016,22,0.370974104137931
"437","Louisiana",2017,22,0.374957281179138
"438","Maine",2001,23,0.417875120521173
"439","Maine",2002,23,0.350939639889197
"440","Maine",2003,23,0.38882663705104
"441","Maine",2004,23,0.267974557260921
"442","Maine",2005,23,0.194898290927022
"443","Maine",2006,23,0.16597282830077
"444","Maine",2007,23,0.15676185730725
"445","Maine",2008,23,0.163315219260065
"446","Maine",2009,23,0.185830384507042
"447","Maine",2010,23,0.214803300094073
"448","Maine",2011,23,0.205089316582915
"449","Maine",2012,23,0.239254318494722
"450","Maine",2013,23,0.190477948926291
"451","Maine",2014,23,0.187944479081633
"452","Maine",2015,23,0.212492412494039
"453","Maine",2016,23,0.190982673992674
"454","Maine",2017,23,0.187455019607843
"455","Maryland",1996,24,0.808717660449668
"456","Maryland",1997,24,0.724770303079416
"457","Maryland",1998,24,0.78787501754386
"458","Maryland",1999,24,0.675590406538139
"459","Maryland",2000,24,0.542064326417704
"460","Maryland",2001,24,0.438081604584527
"461","Maryland",2002,24,0.531383569178082
"462","Maryland",2003,24,0.46222319214876
"463","Maryland",2004,24,0.479854320441989
"464","Maryland",2005,24,0.420086659771755
"465","Maryland",2006,24,0.488522530129125
"466","Maryland",2007,24,0.424307403198653
"467","Maryland",2008,24,0.340762638148668
"468","Maryland",2009,24,0.304945424437299
"469","Maryland",2010,24,0.305706545974663
"470","Maryland",2011,24,0.249187843815514
"471","Maryland",2012,24,0.21240878765721
"472","Maryland",2013,24,0.196258122234513
"473","Maryland",2014,24,0.208609598185026
"474","Maryland",2015,24,0.235244571130193
"475","Maryland",2016,24,0.200422630999435
"476","Maryland",2017,24,0.180884745599091
"477","Massachusetts",1996,25,1.04101136905127
"478","Massachusetts",1997,25,0.918675635587962
"479","Massachusetts",1998,25,0.846560960706332
"480","Massachusetts",1999,25,0.71895448712338
"481","Massachusetts",2000,25,0.574717787673611
"482","Massachusetts",2001,25,0.547209790731238
"483","Massachusetts",2002,25,0.531649677205761
"484","Massachusetts",2003,25,0.534007223652695
"485","Massachusetts",2004,25,0.340929098254505
"486","Massachusetts",2005,25,0.357368742754623
"487","Massachusetts",2006,25,0.43131876584022
"488","Massachusetts",2007,25,0.349089117582418
"489","Massachusetts",2008,25,0.326830670272813
"490","Massachusetts",2009,25,0.331125717757009
"491","Massachusetts",2010,25,0.264612193132154
"492","Massachusetts",2011,25,0.292764341580042
"493","Massachusetts",2012,25,0.290975007808911
"494","Massachusetts",2013,25,0.262529038428693
"495","Massachusetts",2014,25,0.257745722726356
"496","Massachusetts",2015,25,0.248648895678439
"497","Massachusetts",2016,25,0.244499556982718
"498","Massachusetts",2017,25,0.23521990742033
"499","Michigan",1996,26,0.552708822403561
"500","Michigan",1997,26,0.463546360288231
"501","Michigan",1998,26,0.454869182117389
"502","Michigan",1999,26,0.426587222202035
"503","Michigan",2000,26,0.334709458386919
"504","Michigan",2001,26,0.298568982921439
"505","Michigan",2002,26,0.362952427425373
"506","Michigan",2003,26,0.314061600239378
"507","Michigan",2004,26,0.310527463317384
"508","Michigan",2005,26,0.292871656996285
"509","Michigan",2006,26,0.28282869138008
"510","Michigan",2007,26,0.267411368768769
"511","Michigan",2008,26,0.271019077069458
"512","Michigan",2009,26,0.275047181947406
"513","Michigan",2010,26,0.297624512729844
"514","Michigan",2011,26,0.314958696308725
"515","Michigan",2012,26,0.26803010850844
"516","Michigan",2013,26,0.247145639558925
"517","Michigan",2014,26,0.28531831218669
"518","Michigan",2015,26,0.320363790697674
"519","Michigan",2016,26,0.324894942182157
"520","Michigan",2017,26,0.389676552756873
"521","Minnesota",1996,27,0.954420183201552
"522","Minnesota",1997,27,0.784191839381412
"523","Minnesota",1998,27,0.817414933157721
"524","Minnesota",1999,27,0.615148038105359
"525","Minnesota",2000,27,0.545764544860875
"526","Minnesota",2001,27,0.447315612193413
"527","Minnesota",2002,27,0.366587586538462
"528","Minnesota",2003,27,0.29709012308544
"529","Minnesota",2004,27,0.256645327372765
"530","Minnesota",2005,27,0.258525654028436
"531","Minnesota",2006,27,0.220000216385731
"532","Minnesota",2007,27,0.232193055501079
"533","Minnesota",2008,27,0.179927337605859
"534","Minnesota",2009,27,0.17674107844523
"535","Minnesota",2010,27,0.267650358347877
"536","Minnesota",2011,27,0.113033371414914
"537","Minnesota",2012,27,0.0836455162320383
"538","Minnesota",2013,27,0.0918619090697674
"539","Minnesota",2014,27,0.152158553067622
"540","Minnesota",2015,27,0.184448830702447
"541","Minnesota",2016,27,0.203695442052314
"542","Minnesota",2017,27,0.252854855092411
"543","Mississippi",1996,28,0.271048862091084
"544","Mississippi",1997,28,0.299642472692122
"545","Mississippi",1998,28,0.200297863099375
"546","Mississippi",1999,28,0.268851153054221
"547","Mississippi",2000,28,0.323526776847978
"548","Mississippi",2001,28,0.431866054131054
"549","Mississippi",2002,28,0.357212264383562
"550","Mississippi",2003,28,0.415848779452055
"551","Mississippi",2004,28,0.36284994329184
"552","Mississippi",2005,28,0.380675915977961
"553","Mississippi",2010,28,0.241803225806452
"554","Mississippi",2011,28,0.242718275342466
"555","Mississippi",2012,28,0.210250484931507
"556","Mississippi",2013,28,0.229334698369565
"557","Mississippi",2014,28,0.2245022
"558","Mississippi",2015,28,0.327937921917808
"559","Mississippi",2016,28,0.225235265027322
"560","Mississippi",2017,28,0.261455925207756
"561","Missouri",1996,29,0.72961124671126
"562","Missouri",1997,29,0.745479717664534
"563","Missouri",1998,29,0.812090362139918
"564","Missouri",1999,29,0.724722414166563
"565","Missouri",2000,29,0.64805455164076
"566","Missouri",2001,29,0.543329404621353
"567","Missouri",2002,29,0.54942753093981
"568","Missouri",2003,29,0.551605026059565
"569","Missouri",2004,29,0.431624907177364
"570","Missouri",2005,29,0.436871196627426
"571","Missouri",2006,29,0.413223369617225
"572","Missouri",2007,29,0.415888392465753
"573","Missouri",2008,29,0.315457730440724
"574","Missouri",2009,29,0.284245538435022
"575","Missouri",2010,29,0.26453259982862
"576","Missouri",2011,29,0.270996108219178
"577","Missouri",2012,29,0.273933613387978
"578","Missouri",2013,29,0.277690177334116
"579","Missouri",2014,29,0.269721778643446
"580","Missouri",2015,29,0.283653754948162
"581","Missouri",2016,29,0.295560665884561
"582","Missouri",2017,29,0.266680896085741
"583","Montana",1996,30,1.19465396714154
"584","Montana",1997,30,1.10522839176863
"585","Montana",1998,30,1.10653857162865
"586","Montana",1999,30,0.878986863645642
"587","Montana",2000,30,0.824734449553571
"588","Montana",2001,30,0.776494762665546
"589","Montana",2002,30,0.653233461709624
"590","Montana",2003,30,0.683423545940783
"591","Montana",2004,30,0.599431716608356
"592","Montana",2005,30,0.562783781092345
"593","Montana",2006,30,0.536515060507155
"594","Montana",2007,30,0.413639214807353
"595","Montana",2008,30,0.390190751583586
"596","Montana",2009,30,0.345162125255624
"597","Montana",2010,30,0.319674256041603
"598","Montana",2011,30,0.222223578330893
"599","Montana",2012,30,0.0975037939882698
"600","Montana",2013,30,0.0925130153284672
"601","Montana",2014,30,0.131445011643836
"602","Montana",2015,30,0.168483727609178
"603","Montana",2016,30,0.194022800704225
"604","Montana",2017,30,0.189092900213828
"605","Nebraska",1996,31,0.666782528527503
"606","Nebraska",1997,31,0.631299393484627
"607","Nebraska",1998,31,0.769500194178204
"608","Nebraska",1999,31,0.818088003657979
"609","Nebraska",2000,31,0.58885655834093
"610","Nebraska",2001,31,0.574456455386038
"611","Nebraska",2002,31,0.544163917979611
"612","Nebraska",2003,31,0.565477341743119
"613","Nebraska",2004,31,0.548708960496096
"614","Nebraska",2005,31,0.540150082427018
"615","Nebraska",2006,31,0.527787738557559
"616","Nebraska",2007,31,0.506868329655172
"617","Nebraska",2008,31,0.491880500686813
"618","Nebraska",2009,31,0.488987947945206
"619","Nebraska",2010,31,0.478529902151284
"620","Nebraska",2011,31,0.334823611111111
"621","Nebraska",2012,31,0.363464166666667
"622","Nebraska",2013,31,0.297878255172414
"623","Nebraska",2014,31,0.367805503472222
"624","Nebraska",2015,31,0.34450575
"625","Nebraska",2016,31,0.306272615543329
"626","Nebraska",2017,31,0.282608900346021
"627","Nevada",1996,32,0.909400778132388
"628","Nevada",1997,32,0.953420288680703
"629","Nevada",1998,32,0.760633416006066
"630","Nevada",1999,32,0.779604821780901
"631","Nevada",2000,32,0.629564449870514
"632","Nevada",2001,32,0.583505243572071
"633","Nevada",2002,32,0.585993929897713
"634","Nevada",2003,32,0.603340684570748
"635","Nevada",2004,32,0.640637202149613
"636","Nevada",2005,32,0.625840050176614
"637","Nevada",2006,32,0.589795153570698
"638","Nevada",2007,32,0.524695455514898
"639","Nevada",2008,32,0.523637173074755
"640","Nevada",2009,32,0.465143237940631
"641","Nevada",2010,32,0.41191372401104
"642","Nevada",2011,32,0.417270701798516
"643","Nevada",2012,32,0.431770398480203
"644","Nevada",2013,32,0.400197461880294
"645","Nevada",2014,32,0.35518060343043
"646","Nevada",2015,32,0.327754183070473
"647","Nevada",2016,32,0.322807247974709
"648","Nevada",2017,32,0.348432077775266
"649","New Hampshire",1996,33,0.986250776297335
"650","New Hampshire",1997,33,0.938363886269071
"651","New Hampshire",1998,33,0.796045241596639
"652","New Hampshire",1999,33,0.753715249255952
"653","New Hampshire",2000,33,0.554637351156069
"654","New Hampshire",2001,33,0.506710743481325
"655","New Hampshire",2002,33,0.363841184931507
"656","New Hampshire",2003,33,0.533478105336105
"657","New Hampshire",2004,33,0.530964029085873
"658","New Hampshire",2005,33,0.557973714586255
"659","New Hampshire",2006,33,0.525717568493151
"660","New Hampshire",2007,33,0.502173867176634
"661","New Hampshire",2008,33,0.514098516393443
"662","New Hampshire",2009,33,0.444451104022191
"663","New Hampshire",2010,33,0.455884569863014
"664","New Hampshire",2011,33,0.317916987557604
"665","New Hampshire",2012,33,0.251717560700169
"666","New Hampshire",2013,33,0.19973168190128
"667","New Hampshire",2014,33,0.170724999311295
"668","New Hampshire",2015,33,0.177882944520548
"669","New Hampshire",2016,33,0.161299671070932
"670","New Hampshire",2017,33,0.153991494436718
"671","New Jersey",1996,34,1.14220663109576
"672","New Jersey",1997,34,1.02707543980635
"673","New Jersey",1998,34,1.05967440335306
"674","New Jersey",1999,34,0.990328398517043
"675","New Jersey",2000,34,0.874950351818989
"676","New Jersey",2001,34,0.794428047193022
"677","New Jersey",2002,34,0.707126064118512
"678","New Jersey",2003,34,0.702493814952346
"679","New Jersey",2004,34,0.624852780725362
"680","New Jersey",2005,34,0.62506529191751
"681","New Jersey",2006,34,0.508561619510348
"682","New Jersey",2007,34,0.402158763770896
"683","New Jersey",2008,34,0.366443650408683
"684","New Jersey",2009,34,0.358105492875216
"685","New Jersey",2010,34,0.342049725688073
"686","New Jersey",2011,34,0.39431675168756
"687","New Jersey",2012,34,0.423893841185185
"688","New Jersey",2013,34,0.391821276061776
"689","New Jersey",2014,34,0.357939837070611
"690","New Jersey",2015,34,0.36078146324708
"691","New Jersey",2016,34,0.314772723112128
"692","New Jersey",2017,34,0.293970882460973
"693","New Mexico",1996,35,0.61404302021967
"694","New Mexico",1997,35,0.491162809618245
"695","New Mexico",1998,35,0.618006403153683
"696","New Mexico",1999,35,0.690081679194989
"697","New Mexico",2000,35,0.620327227588922
"698","New Mexico",2001,35,0.653499438658925
"699","New Mexico",2002,35,0.490976707150188
"700","New Mexico",2003,35,0.460082829035787
"701","New Mexico",2004,35,0.338461613238584
"702","New Mexico",2005,35,0.349561124446903
"703","New Mexico",2006,35,0.329169185730791
"704","New Mexico",2007,35,0.299782215185185
"705","New Mexico",2008,35,0.319950994398682
"706","New Mexico",2009,35,0.373625632886435
"707","New Mexico",2010,35,0.317945126293103
"708","New Mexico",2011,35,0.402409130892449
"709","New Mexico",2012,35,0.327619820749872
"710","New Mexico",2013,35,0.231916012108262
"711","New Mexico",2014,35,0.209078817908202
"712","New Mexico",2015,35,0.211521659217877
"713","New Mexico",2016,35,0.219293032212885
"714","New Mexico",2017,35,0.209475832532601
"715","New York",1996,36,1.01557245932878
"716","New York",1997,36,0.900697847326825
"717","New York",1998,36,0.823232865293602
"718","New York",1999,36,0.804123997677698
"719","New York",2000,36,0.743322463611631
"720","New York",2001,36,0.658284445057788
"721","New York",2002,36,0.567222251497006
"722","New York",2003,36,0.609280702349291
"723","New York",2004,36,0.518490193995381
"724","New York",2005,36,0.463952527045597
"725","New York",2006,36,0.444761444683272
"726","New York",2007,36,0.420561240662809
"727","New York",2008,36,0.364067076384469
"728","New York",2009,36,0.345450509674134
"729","New York",2010,36,0.369323134472008
"730","New York",2011,36,0.328033382357818
"731","New York",2012,36,0.289553829447461
"732","New York",2013,36,0.271510522619048
"733","New York",2014,36,0.267362241587902
"734","New York",2015,36,0.242944271519085
"735","New York",2016,36,0.226451228615863
"736","New York",2017,36,0.232025783625731
"737","North Carolina",1996,37,0.844719927234778
"738","North Carolina",1997,37,0.862642180346917
"739","North Carolina",1998,37,0.881489318863829
"740","North Carolina",1999,37,0.799200098976868
"741","North Carolina",2000,37,0.703086235556155
"742","North Carolina",2001,37,0.684959485344559
"743","North Carolina",2002,37,0.66142227537037
"744","North Carolina",2003,37,0.664449033311702
"745","North Carolina",2004,37,0.598447895668471
"746","North Carolina",2005,37,0.569304593125305
"747","North Carolina",2006,37,0.527975189665297
"748","North Carolina",2007,37,0.453225331671779
"749","North Carolina",2008,37,0.43297971960502
"750","North Carolina",2009,37,0.367680641278796
"751","North Carolina",2010,37,0.38376555353132
"752","North Carolina",2011,37,0.361916624671226
"753","North Carolina",2012,37,0.29418827510917
"754","North Carolina",2013,37,0.300771448038541
"755","North Carolina",2014,37,0.288847369269949
"756","North Carolina",2015,37,0.272257416317016
"757","North Carolina",2016,37,0.244815574482298
"758","North Carolina",2017,37,0.27204364199239
"759","North Dakota",2008,38,0.174711445378151
"760","North Dakota",2009,38,0.165744221606648
"761","North Dakota",2010,38,0.171877923287671
"762","North Dakota",2011,38,0.165214311594203
"763","North Dakota",2012,38,0.174130724043716
"764","North Dakota",2013,38,0.148977416036309
"765","North Dakota",2014,38,0.161692233281493
"766","North Dakota",2015,38,0.167221590410959
"767","North Dakota",2016,38,0.170567106153846
"768","North Dakota",2017,38,0.178257596418733
"769","Ohio",1996,39,0.702855442177976
"770","Ohio",1997,39,0.639627757022472
"771","Ohio",1998,39,0.6644025182846
"772","Ohio",1999,39,0.61266570862055
"773","Ohio",2000,39,0.593369326929825
"774","Ohio",2001,39,0.559868700352931
"775","Ohio",2002,39,0.519940022693934
"776","Ohio",2003,39,0.521070307294807
"777","Ohio",2004,39,0.498434299139036
"778","Ohio",2005,39,0.484925528221315
"779","Ohio",2006,39,0.424268805709754
"780","Ohio",2007,39,0.401573083374938
"781","Ohio",2008,39,0.397672981279981
"782","Ohio",2009,39,0.33875996253469
"783","Ohio",2010,39,0.370814025666584
"784","Ohio",2011,39,0.316603159173893
"785","Ohio",2012,39,0.330948808077955
"786","Ohio",2013,39,0.339324664957028
"787","Ohio",2014,39,0.270706732269291
"788","Ohio",2015,39,0.253146778466625
"789","Ohio",2016,39,0.261714918809735
"790","Ohio",2017,39,0.226551088203195
"791","Oklahoma",1996,40,0.779616154122938
"792","Oklahoma",1997,40,0.789854255326017
"793","Oklahoma",1998,40,0.768607089222822
"794","Oklahoma",1999,40,0.669461228547509
"795","Oklahoma",2000,40,0.536778762616141
"796","Oklahoma",2001,40,0.521458247585879
"797","Oklahoma",2002,40,0.432597957350565
"798","Oklahoma",2003,40,0.374338522829708
"799","Oklahoma",2004,40,0.186583901466639
"800","Oklahoma",2005,40,0.206680044314381
"801","Oklahoma",2006,40,0.245463703404112
"802","Oklahoma",2007,40,0.266723490207051
"803","Oklahoma",2008,40,0.257363652408218
"804","Oklahoma",2009,40,0.324788984920927
"805","Oklahoma",2010,40,0.272061497078302
"806","Oklahoma",2011,40,0.227586811134235
"807","Oklahoma",2012,40,0.169097212054795
"808","Oklahoma",2013,40,0.170760358454106
"809","Oklahoma",2014,40,0.161611216404078
"810","Oklahoma",2015,40,0.225866465833659
"811","Oklahoma",2016,40,0.243864369791667
"812","Oklahoma",2017,40,0.26115475984252
"813","Oregon",1996,41,1.52856492524186
"814","Oregon",1997,41,1.49670656097979
"815","Oregon",1998,41,1.38631358406622
"816","Oregon",1999,41,1.29869109716387
"817","Oregon",2000,41,1.23670873882803
"818","Oregon",2001,41,1.1237289437751
"819","Oregon",2002,41,1.07487939769452
"820","Oregon",2003,41,0.974863525198449
"821","Oregon",2004,41,0.904445810108039
"822","Oregon",2005,41,0.822228893821604
"823","Oregon",2006,41,0.688100886342805
"824","Oregon",2007,41,0.562975655578656
"825","Oregon",2008,41,0.466766690625
"826","Oregon",2009,41,0.44346197352132
"827","Oregon",2010,41,0.413795518604651
"828","Oregon",2011,41,0.338233156164384
"829","Oregon",2012,41,0.301399964739069
"830","Oregon",2013,41,0.289265276504298
"831","Oregon",2014,41,0.287336510169492
"832","Oregon",2015,41,0.355535915841584
"833","Oregon",2016,41,0.289902274433151
"834","Oregon",2017,41,0.251831357894737
"835","Pennsylvania",1996,42,0.782463334161638
"836","Pennsylvania",1997,42,0.550230936163175
"837","Pennsylvania",1998,42,0.505004241066935
"838","Pennsylvania",1999,42,0.44543292798238
"839","Pennsylvania",2000,42,0.403578787251475
"840","Pennsylvania",2001,42,0.41324460185541
"841","Pennsylvania",2002,42,0.333589255400112
"842","Pennsylvania",2003,42,0.344928342868517
"843","Pennsylvania",2004,42,0.36843017218107
"844","Pennsylvania",2005,42,0.305650131550374
"845","Pennsylvania",2006,42,0.300152899586044
"846","Pennsylvania",2007,42,0.287609827529217
"847","Pennsylvania",2008,42,0.222343361177612
"848","Pennsylvania",2009,42,0.217934333492458
"849","Pennsylvania",2010,42,0.273107433785849
"850","Pennsylvania",2011,42,0.228847167555852
"851","Pennsylvania",2012,42,0.228103570126108
"852","Pennsylvania",2013,42,0.16775433945937
"853","Pennsylvania",2014,42,0.230010470448705
"854","Pennsylvania",2015,42,0.261684159618675
"855","Pennsylvania",2016,42,0.241122915232952
"856","Pennsylvania",2017,42,0.22805569861461
"857","Puerto Rico",1996,72,1.80702757065751
"858","Puerto Rico",1997,72,1.72511377077016
"859","Puerto Rico",1998,72,1.8844323677488
"860","Puerto Rico",1999,72,1.91738568445023
"861","Puerto Rico",2000,72,1.70309204296645
"862","Puerto Rico",2001,72,1.5645353155054
"863","Puerto Rico",2002,72,1.48141808858058
"864","Puerto Rico",2003,72,1.59883147826087
"865","Puerto Rico",2004,72,1.55710493480257
"866","Puerto Rico",2005,72,1.35058051036683
"867","Puerto Rico",2006,72,1.18546991099855
"868","Puerto Rico",2007,72,1.01163734620887
"869","Puerto Rico",2008,72,1.04130816949153
"870","Puerto Rico",2009,72,0.952070710275424
"871","Puerto Rico",2010,72,0.810846652671756
"872","Puerto Rico",2011,72,0.75778210267472
"873","Puerto Rico",2012,72,0.936416043926247
"874","Puerto Rico",2013,72,0.79326474952381
"875","Puerto Rico",2014,72,0.722809739776952
"876","Puerto Rico",2015,72,0.601064672704297
"877","Puerto Rico",2016,72,0.840552619172113
"878","Puerto Rico",2017,72,0.377973199100113
"879","Rhode Island",1996,44,0.89791148902439
"880","Rhode Island",1997,44,0.786343458333333
"881","Rhode Island",1998,44,0.887584244258873
"882","Rhode Island",1999,44,0.734478002094972
"883","Rhode Island",2000,44,0.752690674466621
"884","Rhode Island",2001,44,0.705183464383562
"885","Rhode Island",2002,44,0.704141270006959
"886","Rhode Island",2003,44,0.620274612413793
"887","Rhode Island",2004,44,0.546905334934798
"888","Rhode Island",2005,44,0.526608918382353
"889","Rhode Island",2006,44,0.521453295438088
"890","Rhode Island",2007,44,0.381266865685373
"891","Rhode Island",2008,44,0.235268662773723
"892","Rhode Island",2009,44,0.242772978082192
"893","Rhode Island",2010,44,0.207074773480663
"894","Rhode Island",2011,44,0.234277616783217
"895","Rhode Island",2012,44,0.229885307471264
"896","Rhode Island",2013,44,0.22314161634349
"897","Rhode Island",2014,44,0.377892998428908
"898","Rhode Island",2015,44,0.41906207766323
"899","Rhode Island",2016,44,0.393594950819672
"900","Rhode Island",2017,44,0.379093497878359
"901","South Carolina",1996,45,0.587925313975449
"902","South Carolina",1997,45,0.566676753773585
"903","South Carolina",1998,45,0.602557103655715
"904","South Carolina",1999,45,0.56155787150564
"905","South Carolina",2000,45,0.45287008630394
"906","South Carolina",2001,45,0.475042455175601
"907","South Carolina",2002,45,0.503428887141536
"908","South Carolina",2003,45,0.422257992690058
"909","South Carolina",2004,45,0.347313633628319
"910","South Carolina",2005,45,0.283179559593023
"911","South Carolina",2006,45,0.323945553103448
"912","South Carolina",2007,45,0.301843307824297
"913","South Carolina",2008,45,0.227941491957105
"914","South Carolina",2009,45,0.160020426765799
"915","South Carolina",2010,45,0.176508747594375
"916","South Carolina",2011,45,0.202710951589595
"917","South Carolina",2012,45,0.165409401869159
"918","South Carolina",2013,45,0.152926079452055
"919","South Carolina",2014,45,0.157111683076923
"920","South Carolina",2015,45,0.155059996309963
"921","South Carolina",2016,45,0.178301705705706
"922","South Carolina",2017,45,0.189101307365439
"923","South Dakota",2009,46,0.160018463068182
"924","South Dakota",2010,46,0.126938880062305
"925","South Dakota",2011,46,0.163775809725159
"926","South Dakota",2012,46,0.168315012311902
"927","South Dakota",2013,46,0.163428374216028
"928","South Dakota",2014,46,0.187570234221599
"929","South Dakota",2015,46,0.197780182328191
"930","South Dakota",2016,46,0.189932214480874
"931","South Dakota",2017,46,0.186768485477178
"932","Tennessee",1996,47,0.905523823686554
"933","Tennessee",1997,47,0.875191533424846
"934","Tennessee",1998,47,0.836102773695624
"935","Tennessee",1999,47,0.803456958254269
"936","Tennessee",2000,47,0.705113287771899
"937","Tennessee",2001,47,0.699659802501762
"938","Tennessee",2002,47,0.690591283607575
"939","Tennessee",2003,47,0.736998083667864
"940","Tennessee",2004,47,0.636411432582848
"941","Tennessee",2005,47,0.575783208287596
"942","Tennessee",2006,47,0.577248683922213
"943","Tennessee",2007,47,0.461139294975689
"944","Tennessee",2008,47,0.362760135662898
"945","Tennessee",2009,47,0.347826635364989
"946","Tennessee",2010,47,0.358935082020057
"947","Tennessee",2011,47,0.342747086127168
"948","Tennessee",2012,47,0.332518618625277
"949","Tennessee",2013,47,0.292918536393839
"950","Tennessee",2014,47,0.281815512540572
"951","Tennessee",2015,47,0.289519465309898
"952","Tennessee",2016,47,0.271424670243392
"953","Tennessee",2017,47,0.254605574692443
"954","Texas",1996,48,0.788151237451075
"955","Texas",1997,48,0.687329419132672
"956","Texas",1998,48,0.592880656904081
"957","Texas",1999,48,0.686134881056935
"958","Texas",2000,48,0.601192531340134
"959","Texas",2001,48,0.558021072899618
"960","Texas",2002,48,0.486103183099555
"961","Texas",2003,48,0.533480106479908
"962","Texas",2004,48,0.43077099932208
"963","Texas",2005,48,0.408806284653303
"964","Texas",2006,48,0.370759344715147
"965","Texas",2007,48,0.329280149806133
"966","Texas",2008,48,0.259074202517225
"967","Texas",2009,48,0.224643771503137
"968","Texas",2010,48,0.223030941681063
"969","Texas",2011,48,0.219607864706279
"970","Texas",2012,48,0.218874638314123
"971","Texas",2013,48,0.194186167369902
"972","Texas",2014,48,0.205339965470548
"973","Texas",2015,48,0.245436471139891
"974","Texas",2016,48,0.284676041089822
"975","Texas",2017,48,0.311668203720009
"976","Utah",1996,49,1.36403082654066
"977","Utah",1997,49,1.21964426864442
"978","Utah",1998,49,1.18764029766454
"979","Utah",1999,49,1.17149637405223
"980","Utah",2000,49,1.10816851219512
"981","Utah",2001,49,0.933827284054487
"982","Utah",2002,49,0.934693060243367
"983","Utah",2003,49,0.832689377689576
"984","Utah",2004,49,0.746268143651998
"985","Utah",2005,49,0.720869709617918
"986","Utah",2006,49,0.644775576093654
"987","Utah",2007,49,0.639022233607807
"988","Utah",2008,49,0.54559824353562
"989","Utah",2009,49,0.481519100165563
"990","Utah",2010,49,0.448377630452022
"991","Utah",2011,49,0.42910180428769
"992","Utah",2012,49,0.392007823692852
"993","Utah",2013,49,0.424863616988654
"994","Utah",2014,49,0.481780630639098
"995","Utah",2015,49,0.407731452604167
"996","Utah",2016,49,0.416521288421053
"997","Utah",2017,49,0.364406813493976
"998","Vermont",1996,50,0.584080769337017
"999","Vermont",1997,50,0.578230367783321
"1000","Vermont",1998,50,0.556316725138122
"1001","Vermont",1999,50,0.531804914181818
"1002","Vermont",2000,50,0.472921756679389
"1003","Vermont",2001,50,0.504055377071823
"1004","Vermont",2002,50,0.72400032739726
"1005","Vermont",2003,50,0.557162206982544
"1006","Vermont",2004,50,0.539396344580043
"1007","Vermont",2005,50,0.468468284707541
"1008","Vermont",2006,50,0.397589326530612
"1009","Vermont",2007,50,0.45835864765343
"1010","Vermont",2008,50,0.406226094262295
"1011","Vermont",2009,50,0.377932956164384
"1012","Vermont",2010,50,0.372395142465753
"1013","Vermont",2011,50,0.344136244334975
"1014","Vermont",2012,50,0.290980718839201
"1015","Vermont",2013,50,0.309056181252989
"1016","Vermont",2014,50,0.178588916578669
"1017","Vermont",2015,50,0.164824945075758
"1018","Vermont",2016,50,0.162920543260474
"1019","Vermont",2017,50,0.214738958604651
"1020","Virginia",1996,51,0.608043690794016
"1021","Virginia",1997,51,0.654198756580508
"1022","Virginia",1998,51,0.568570209222467
"1023","Virginia",1999,51,0.592976441131044
"1024","Virginia",2000,51,0.537921063195733
"1025","Virginia",2001,51,0.52887558713005
"1026","Virginia",2002,51,0.46896242373494
"1027","Virginia",2003,51,0.462081583134946
"1028","Virginia",2004,51,0.393801395865147
"1029","Virginia",2005,51,0.446208842221304
"1030","Virginia",2006,51,0.445297893583043
"1031","Virginia",2007,51,0.351519142817756
"1032","Virginia",2008,51,0.301895758021948
"1033","Virginia",2009,51,0.245437854943754
"1034","Virginia",2010,51,0.237645740866035
"1035","Virginia",2011,51,0.253383017991301
"1036","Virginia",2012,51,0.29044325501771
"1037","Virginia",2013,51,0.289373419955654
"1038","Virginia",2014,51,0.273694198822096
"1039","Virginia",2015,51,0.284552976209677
"1040","Virginia",2016,51,0.25527749969053
"1041","Virginia",2017,51,0.268022991566265
"1042","Washington",1996,53,1.50356192309539
"1043","Washington",1997,53,1.49301195667961
"1044","Washington",1998,53,1.33802607001053
"1045","Washington",1999,53,1.23623057008438
"1046","Washington",2000,53,1.16692487469653
"1047","Washington",2001,53,1.05312882302903
"1048","Washington",2002,53,1.0085402058198
"1049","Washington",2003,53,0.9832636242965
"1050","Washington",2004,53,0.944988344193297
"1051","Washington",2005,53,0.905592558125563
"1052","Washington",2006,53,0.799913085844518
"1053","Washington",2007,53,0.64816200684262
"1054","Washington",2008,53,0.451500883363148
"1055","Washington",2009,53,0.380241044333214
"1056","Washington",2010,53,0.375742373366521
"1057","Washington",2011,53,0.315062985687023
"1058","Washington",2012,53,0.353518598110061
"1059","Washington",2013,53,0.339882337931035
"1060","Washington",2014,53,0.341107403357532
"1061","Washington",2015,53,0.356437460612691
"1062","Washington",2016,53,0.318336079287305
"1063","Washington",2017,53,0.254524871511068
"1064","West Virginia",1996,54,0.629017530813476
"1065","West Virginia",1997,54,0.587718171586207
"1066","West Virginia",1998,54,0.641689722848502
"1067","West Virginia",1999,54,0.55457962306701
"1068","West Virginia",2000,54,0.568192053100377
"1069","West Virginia",2001,54,0.579328419952005
"1070","West Virginia",2002,54,0.986742794845361
"1071","West Virginia",2003,54,0.832904449519231
"1072","West Virginia",2004,54,0.604172686730025
"1073","West Virginia",2005,54,0.411366715009208
"1074","West Virginia",2006,54,0.368166320091324
"1075","West Virginia",2007,54,0.393229856612529
"1076","West Virginia",2008,54,0.400322591613491
"1077","West Virginia",2009,54,0.435781668500688
"1078","West Virginia",2010,54,0.395372694520548
"1079","West Virginia",2011,54,0.394658440843621
"1080","West Virginia",2012,54,0.393808320483047
"1081","West Virginia",2013,54,0.320642134246575
"1082","West Virginia",2014,54,0.320469425619835
"1083","West Virginia",2015,54,0.255832839832869
"1084","West Virginia",2016,54,0.278958482024598
"1085","West Virginia",2017,54,0.245480071232877
"1086","Wisconsin",1996,55,0.451797433119159
"1087","Wisconsin",1997,55,0.477996308223381
"1088","Wisconsin",1998,55,0.548207676626826
"1089","Wisconsin",1999,55,0.473125277183427
"1090","Wisconsin",2000,55,0.341382340364495
"1091","Wisconsin",2001,55,0.383603174200662
"1092","Wisconsin",2002,55,0.441173210489993
"1093","Wisconsin",2003,55,0.441155385117493
"1094","Wisconsin",2004,55,0.459643111495845
"1095","Wisconsin",2005,55,0.409571757847534
"1096","Wisconsin",2006,55,0.353916021428571
"1097","Wisconsin",2007,55,0.14298700661157
"1098","Wisconsin",2008,55,0.136743571038251
"1099","Wisconsin",2009,55,0.100270723342939
"1100","Wisconsin",2010,55,0.127618299120235
"1101","Wisconsin",2011,55,0.144372049315069
"1102","Wisconsin",2012,55,0.141462683561644
"1103","Wisconsin",2013,55,0.179980352054795
"1104","Wisconsin",2014,55,0.200960449245542
"1105","Wisconsin",2015,55,0.246073003501401
"1106","Wisconsin",2016,55,0.236320501388889
"1107","Wisconsin",2017,55,0.197826529986053
"1108","Wyoming",2001,56,0.257836466101695
"1109","Wyoming",2002,56,0.398843639473684
"1110","Wyoming",2003,56,0.246357366666667
"1111","Wyoming",2004,56,0.252841106976744
"1112","Wyoming",2005,56,0.20432435426009
"1113","Wyoming",2006,56,0.147436847527473
"1114","Wyoming",2007,56,0.178785178767123
"1115","Wyoming",2008,56,0.138450580838323
"1116","Wyoming",2009,56,0.178232571232877
"1117","Wyoming",2010,56,0.205353976280835
"1118","Wyoming",2011,56,0.137808154163799
"1119","Wyoming",2012,56,0.208388862628448
"1120","Wyoming",2013,56,0.136309274888559
"1121","Wyoming",2014,56,0.122578551827742
"1122","Wyoming",2015,56,0.0796358650306749
"1123","Wyoming",2016,56,0.143903750759878
"1124","Wyoming",2017,56,0.164054327096774
