"","State.Name","year","State.Code","mean_so2"
"1","Alabama",1996,"01",4.33041495925395
"2","Alabama",1997,"01",4.31379646788754
"3","Alabama",1998,"01",4.38604764609844
"4","Alabama",1999,"01",5.12811916560333
"5","Alabama",2000,"01",4.53129100699056
"6","Alabama",2001,"01",3.14285412421384
"7","Alabama",2002,"01",2.38325375604076
"8","Alabama",2003,"01",2.82742893048576
"9","Alabama",2004,"01",2.02513681944444
"10","Alabama",2005,"01",2.23004321037669
"11","Alabama",2006,"01",2.17386972856508
"12","Alabama",2007,"01",2.31987796706915
"13","Alabama",2008,"01",2.72136450409836
"14","Alabama",2009,"01",1.19610990247253
"15","Alabama",2010,"01",1.68346075479452
"16","Alabama",2011,"01",1.42956666619318
"17","Alabama",2012,"01",1.50969980305466
"18","Alabama",2013,"01",0.834717748384118
"19","Alabama",2014,"01",1.37605377510608
"20","Alabama",2015,"01",1.01980795867769
"21","Alabama",2016,"01",1.0816390568237
"22","Alabama",2017,"01",1.32925997439586
"23","Alaska",2011,"02",7.64180988602941
"24","Alaska",2012,"02",8.30693111363636
"25","Alaska",2013,"02",7.07319210302198
"26","Alaska",2014,"02",7.10547629041096
"27","Alaska",2015,"02",6.6728993739255
"28","Alaska",2016,"02",5.76388679781421
"29","Alaska",2017,"02",5.81692601239669
"30","Arizona",1996,"04",2.81105533205374
"31","Arizona",1997,"04",3.57855308917018
"32","Arizona",1998,"04",3.6898623104098
"33","Arizona",1999,"04",4.07615455205513
"34","Arizona",2000,"04",3.79443905625
"35","Arizona",2001,"04",4.24632654796793
"36","Arizona",2002,"04",3.8138310622297
"37","Arizona",2003,"04",3.12994450057432
"38","Arizona",2004,"04",3.42401891945218
"39","Arizona",2005,"04",3.15000955877034
"40","Arizona",2006,"04",2.89908664299458
"41","Arizona",2007,"04",3.22534677138414
"42","Arizona",2008,"04",3.38911200069412
"43","Arizona",2009,"04",2.88405631624914
"44","Arizona",2010,"04",2.81614117551293
"45","Arizona",2011,"04",2.49441047545028
"46","Arizona",2012,"04",3.1381446736602
"47","Arizona",2013,"04",2.60315993113447
"48","Arizona",2014,"04",2.70921378622554
"49","Arizona",2015,"04",2.67025477625921
"50","Arizona",2016,"04",2.59167765229437
"51","Arizona",2017,"04",2.41758340710735
"52","Arkansas",1996,"05",3.81989344193989
"53","Arkansas",1997,"05",3.66564050273973
"54","Arkansas",1998,"05",3.33820797588562
"55","Arkansas",1999,"05",3.75228835373075
"56","Arkansas",2000,"05",3.50805181075419
"57","Arkansas",2001,"05",2.51671863717421
"58","Arkansas",2002,"05",2.69651109090909
"59","Arkansas",2003,"05",2.08133128150685
"60","Arkansas",2004,"05",1.61544514135759
"61","Arkansas",2005,"05",1.61465761851852
"62","Arkansas",2006,"05",3.03573752945205
"63","Arkansas",2007,"05",3.16423507083906
"64","Arkansas",2008,"05",1.72279852459016
"65","Arkansas",2009,"05",1.69618840371389
"66","Arkansas",2010,"05",1.53479203391384
"67","Arkansas",2011,"05",1.61569532922374
"68","Arkansas",2012,"05",1.47334169808743
"69","Arkansas",2013,"05",1.4328655559633
"70","Arkansas",2014,"05",1.33394739863014
"71","Arkansas",2015,"05",1.52526382465753
"72","Arkansas",2016,"05",0.990759242486339
"73","Arkansas",2017,"05",0.601314906849315
"74","California",1996,"06",1.52467156517097
"75","California",1997,"06",1.44092909945699
"76","California",1998,"06",1.61941865869619
"77","California",1999,"06",1.79547584200751
"78","California",2000,"06",1.77953067618171
"79","California",2001,"06",1.72371442593918
"80","California",2002,"06",1.5551903176758
"81","California",2003,"06",1.37769740718475
"82","California",2004,"06",1.65721425387357
"83","California",2005,"06",1.46971517623938
"84","California",2006,"06",1.3079237919115
"85","California",2007,"06",1.1414652085524
"86","California",2008,"06",1.0722681664098
"87","California",2009,"06",0.981521802128966
"88","California",2010,"06",0.765529168707101
"89","California",2011,"06",0.78852296281296
"90","California",2012,"06",0.655483419054024
"91","California",2013,"06",0.577713001587302
"92","California",2014,"06",0.518387037881608
"93","California",2015,"06",0.462629127804922
"94","California",2016,"06",0.56969431750755
"95","California",2017,"06",0.45958141004727
"96","Canada",2002,"CC",1.68622610185185
"97","Canada",2003,"CC",1.60177598557692
"98","Canada",2004,"CC",1.46639845284872
"99","Canada",2005,"CC",0.528167625722543
"100","Colorado",1996,"08",2.99228268731563
"101","Colorado",1997,"08",2.56164924067164
"102","Colorado",1998,"08",2.73205978278782
"103","Colorado",1999,"08",2.27563895839637
"104","Colorado",2000,"08",2.20225438314374
"105","Colorado",2001,"08",2.53748044709569
"106","Colorado",2002,"08",3.09528866819013
"107","Colorado",2003,"08",2.24423763829787
"108","Colorado",2004,"08",1.97341225714286
"109","Colorado",2005,"08",1.75804252517483
"110","Colorado",2006,"08",2.06356670130814
"111","Colorado",2007,"08",1.92046046680498
"112","Colorado",2008,"08",1.67898243061224
"113","Colorado",2009,"08",1.42924435803758
"114","Colorado",2010,"08",1.32946546963277
"115","Colorado",2011,"08",1.617793345898
"116","Colorado",2012,"08",1.05780070023059
"117","Colorado",2013,"08",1.58374046447602
"118","Colorado",2014,"08",1.44174430339806
"119","Colorado",2015,"08",1.52352081703911
"120","Colorado",2016,"08",1.38877227604167
"121","Colorado",2017,"08",0.877547556862745
"122","Connecticut",1996,"09",4.89187066110532
"123","Connecticut",1997,"09",4.75121188922381
"124","Connecticut",1998,"09",4.8261768598054
"125","Connecticut",1999,"09",5.07936205307154
"126","Connecticut",2000,"09",4.4201855114534
"127","Connecticut",2001,"09",5.0530904484252
"128","Connecticut",2002,"09",4.47826657274872
"129","Connecticut",2003,"09",3.96480237284144
"130","Connecticut",2004,"09",3.88494468293643
"131","Connecticut",2005,"09",4.15559429707113
"132","Connecticut",2006,"09",3.10173622116528
"133","Connecticut",2007,"09",2.5855241005908
"134","Connecticut",2008,"09",1.9853531994809
"135","Connecticut",2009,"09",1.62698237337058
"136","Connecticut",2010,"09",1.1187469770759
"137","Connecticut",2011,"09",1.27365804748284
"138","Connecticut",2012,"09",0.862446245974459
"139","Connecticut",2013,"09",0.736464943406904
"140","Connecticut",2014,"09",0.706541505050505
"141","Connecticut",2015,"09",0.411937214726027
"142","Connecticut",2016,"09",0.34274356058515
"143","Connecticut",2017,"09",0.234468158474576
"144","Country Of Mexico",1996,"80",3.22079731066536
"145","Country Of Mexico",1997,"80",2.75006863699754
"146","Country Of Mexico",1998,"80",2.35960966394171
"147","Country Of Mexico",1999,"80",3.45971894775804
"148","Country Of Mexico",2000,"80",2.83014368100358
"149","Country Of Mexico",2001,"80",2.57228190737771
"150","Country Of Mexico",2002,"80",3.03521833242507
"151","Country Of Mexico",2003,"80",3.53812845009299
"152","Country Of Mexico",2004,"80",2.10688528057143
"153","Country Of Mexico",2005,"80",1.63829122752111
"154","Country Of Mexico",2006,"80",1.57781723802542
"155","Country Of Mexico",2007,"80",1.34446786005089
"156","Country Of Mexico",2008,"80",1.49693645554273
"157","Country Of Mexico",2009,"80",4.85664874090408
"158","Country Of Mexico",2010,"80",1.93272766162162
"159","Country Of Mexico",2011,"80",3.05285542025316
"160","Country Of Mexico",2013,"80",6.10738641666667
"161","Delaware",1996,"10",9.32685193761468
"162","Delaware",1997,"10",7.59530033368607
"163","Delaware",1998,"10",7.36839300604651
"164","Delaware",1999,"10",5.70760444903846
"165","Delaware",2000,"10",5.19468035857033
"166","Delaware",2001,"10",4.77494499094203
"167","Delaware",2002,"10",3.98014420109815
"168","Delaware",2003,"10",5.89997546561236
"169","Delaware",2004,"10",4.8906234913273
"170","Delaware",2005,"10",5.47080676207906
"171","Delaware",2006,"10",4.61109717748619
"172","Delaware",2007,"10",3.79296624296472
"173","Delaware",2008,"10",3.70736948945921
"174","Delaware",2009,"10",2.65486278205834
"175","Delaware",2010,"10",1.9238403944591
"176","Delaware",2011,"10",1.55798908699254
"177","Delaware",2012,"10",0.8025196044505
"178","Delaware",2013,"10",0.683370439076923
"179","Delaware",2014,"10",0.717856364454443
"180","Delaware",2015,"10",0.437944403144468
"181","Delaware",2016,"10",0.336371372975991
"182","Delaware",2017,"10",0.242467106699
"183","District Of Columbia",1996,"11",7.69702470072993
"184","District Of Columbia",1997,"11",6.96498819452055
"185","District Of Columbia",1998,"11",7.6737162630137
"186","District Of Columbia",1999,"11",7.80706725479452
"187","District Of Columbia",2000,"11",8.13858932650273
"188","District Of Columbia",2001,"11",6.57417474861111
"189","District Of Columbia",2002,"11",6.71270869041096
"190","District Of Columbia",2003,"11",8.32318670360111
"191","District Of Columbia",2004,"11",6.46409255464481
"192","District Of Columbia",2005,"11",4.46519790136986
"193","District Of Columbia",2006,"11",4.52500288219178
"194","District Of Columbia",2007,"11",5.04188854927536
"195","District Of Columbia",2008,"11",5.5883289739726
"196","District Of Columbia",2009,"11",4.52209288016529
"197","District Of Columbia",2010,"11",3.36086526923077
"198","District Of Columbia",2011,"11",2.72887105254091
"199","District Of Columbia",2012,"11",1.53878110127479
"200","District Of Columbia",2013,"11",1.00109104360257
"201","District Of Columbia",2014,"11",1.18247939013453
"202","District Of Columbia",2015,"11",1.27072148214286
"203","District Of Columbia",2016,"11",0.920205199059561
"204","District Of Columbia",2017,"11",0.939863425342466
"205","Florida",1996,"12",3.08735916624131
"206","Florida",1997,"12",3.1124694905497
"207","Florida",1998,"12",3.45216039851738
"208","Florida",1999,"12",3.44990132364878
"209","Florida",2000,"12",3.11164341481775
"210","Florida",2001,"12",2.7354115676949
"211","Florida",2002,"12",2.71814027577333
"212","Florida",2003,"12",2.18862008070267
"213","Florida",2004,"12",1.7644543946868
"214","Florida",2005,"12",1.66457042590075
"215","Florida",2006,"12",1.47621110551666
"216","Florida",2007,"12",1.36708368603843
"217","Florida",2008,"12",1.25387403179629
"218","Florida",2009,"12",0.995450596998485
"219","Florida",2010,"12",0.922154885290242
"220","Florida",2011,"12",0.912714282406321
"221","Florida",2012,"12",0.510015048008506
"222","Florida",2013,"12",0.333670692547827
"223","Florida",2014,"12",0.64185994926637
"224","Florida",2015,"12",0.653993523601339
"225","Florida",2016,"12",0.53119422456964
"226","Florida",2017,"12",0.608167800505386
"227","Georgia",1996,"13",3.55033567342702
"228","Georgia",1997,"13",3.43976769748178
"229","Georgia",1998,"13",2.8612110815996
"230","Georgia",1999,"13",2.98074658533502
"231","Georgia",2000,"13",3.15284059801762
"232","Georgia",2001,"13",2.77801293138521
"233","Georgia",2002,"13",2.53092153248681
"234","Georgia",2003,"13",2.53429334398347
"235","Georgia",2004,"13",2.57050889689371
"236","Georgia",2005,"13",2.74615137924185
"237","Georgia",2006,"13",2.70407140733591
"238","Georgia",2007,"13",2.56627808207615
"239","Georgia",2008,"13",2.2841776841413
"240","Georgia",2009,"13",1.7360796591665
"241","Georgia",2010,"13",1.84426122577556
"242","Georgia",2011,"13",1.63903469637593
"243","Georgia",2012,"13",1.4290716655749
"244","Georgia",2013,"13",1.49540911511512
"245","Georgia",2014,"13",1.44532111870504
"246","Georgia",2015,"13",1.21594072316272
"247","Georgia",2016,"13",1.27561845968379
"248","Georgia",2017,"13",0.866257533702313
"249","Hawaii",1996,"15",5.29315434803643
"250","Hawaii",1997,"15",3.82107213189448
"251","Hawaii",1998,"15",3.32212849206799
"252","Hawaii",1999,"15",2.66719655238367
"253","Hawaii",2000,"15",2.24412231204886
"254","Hawaii",2001,"15",3.49928579384615
"255","Hawaii",2002,"15",4.67968094313129
"256","Hawaii",2003,"15",6.31862647180451
"257","Hawaii",2004,"15",5.18078899714558
"258","Hawaii",2005,"15",7.12738406767296
"259","Hawaii",2006,"15",8.55754177743668
"260","Hawaii",2007,"15",5.80588143898853
"261","Hawaii",2008,"15",13.4457089664282
"262","Hawaii",2009,"15",15.7416440006994
"263","Hawaii",2010,"15",15.8687555519459
"264","Hawaii",2011,"15",6.85859664486932
"265","Hawaii",2012,"15",11.2627502735914
"266","Hawaii",2013,"15",8.10956754623699
"267","Hawaii",2014,"15",7.93853663237451
"268","Hawaii",2015,"15",8.2115608513107
"269","Hawaii",2016,"15",10.1894612092433
"270","Hawaii",2017,"15",8.86369685598802
"271","Idaho",1996,"16",3.1239646420765
"272","Idaho",1997,"16",2.84377390738255
"273","Idaho",1998,"16",3.75564629022277
"274","Idaho",1999,"16",4.80264933417085
"275","Idaho",2000,"16",5.69516425
"276","Idaho",2001,"16",10.2506952671135
"277","Idaho",2002,"16",4.56508472591362
"278","Idaho",2003,"16",5.79161181406685
"279","Idaho",2004,"16",3.96747652367942
"280","Idaho",2005,"16",3.92924288814181
"281","Idaho",2006,"16",3.4723490832
"282","Idaho",2007,"16",3.84999547234043
"283","Idaho",2008,"16",3.19581579147287
"284","Idaho",2009,"16",2.53457893259086
"285","Idaho",2010,"16",2.07163354178538
"286","Idaho",2011,"16",3.08824766373841
"287","Idaho",2012,"16",2.79288471148587
"288","Idaho",2013,"16",2.39838752008032
"289","Idaho",2014,"16",1.97487544089013
"290","Idaho",2015,"16",1.54924145308188
"291","Idaho",2016,"16",1.54501646051423
"292","Idaho",2017,"16",1.79648868070338
"293","Illinois",1996,"17",5.89557162589799
"294","Illinois",1997,"17",5.70603073980342
"295","Illinois",1998,"17",5.46561187303145
"296","Illinois",1999,"17",5.78496847347377
"297","Illinois",2000,"17",5.1257884156721
"298","Illinois",2001,"17",4.65108362541671
"299","Illinois",2002,"17",3.92026260116161
"300","Illinois",2003,"17",3.82683006083756
"301","Illinois",2004,"17",3.83181598525928
"302","Illinois",2005,"17",3.75661596703221
"303","Illinois",2006,"17",3.10087336867518
"304","Illinois",2007,"17",3.02200758831187
"305","Illinois",2008,"17",2.66600647595668
"306","Illinois",2009,"17",1.89452902177638
"307","Illinois",2010,"17",1.93874544785503
"308","Illinois",2011,"17",1.74094280713158
"309","Illinois",2012,"17",1.40876431551548
"310","Illinois",2013,"17",1.23585992705407
"311","Illinois",2014,"17",1.32420984457163
"312","Illinois",2015,"17",1.26983562935018
"313","Illinois",2016,"17",1.23020375008031
"314","Illinois",2017,"17",1.22601739281106
"315","Indiana",1996,"18",7.00681573341253
"316","Indiana",1997,"18",6.43219887012602
"317","Indiana",1998,"18",6.39821630154502
"318","Indiana",1999,"18",6.16800775524937
"319","Indiana",2000,"18",6.20038382999811
"320","Indiana",2001,"18",5.84390329308348
"321","Indiana",2002,"18",5.35827993178237
"322","Indiana",2003,"18",5.37828141845555
"323","Indiana",2004,"18",5.39345530616798
"324","Indiana",2005,"18",5.24113630227262
"325","Indiana",2006,"18",4.7272420908623
"326","Indiana",2007,"18",4.32529161217443
"327","Indiana",2008,"18",4.23533418343896
"328","Indiana",2009,"18",3.03836619232928
"329","Indiana",2010,"18",3.00907492131644
"330","Indiana",2011,"18",2.64019514952287
"331","Indiana",2012,"18",2.41899402758375
"332","Indiana",2013,"18",2.27549327497134
"333","Indiana",2014,"18",2.31603063110488
"334","Indiana",2015,"18",1.8703364595081
"335","Indiana",2016,"18",1.43892302834869
"336","Indiana",2017,"18",0.999356670264966
"337","Iowa",1996,"19",4.25245720370885
"338","Iowa",1997,"19",4.33479230052817
"339","Iowa",1998,"19",3.45886215340806
"340","Iowa",1999,"19",3.56817867382657
"341","Iowa",2000,"19",2.57182408342001
"342","Iowa",2001,"19",1.73195325997807
"343","Iowa",2002,"19",2.4572532198829
"344","Iowa",2003,"19",2.71016949533223
"345","Iowa",2004,"19",2.86053755130338
"346","Iowa",2005,"19",3.07801168543714
"347","Iowa",2006,"19",2.47001514238931
"348","Iowa",2007,"19",2.20334239230087
"349","Iowa",2008,"19",1.60116708951492
"350","Iowa",2009,"19",0.829327054515676
"351","Iowa",2010,"19",0.902798101545254
"352","Iowa",2011,"19",1.36845505799404
"353","Iowa",2012,"19",1.34004877287406
"354","Iowa",2013,"19",1.20478953479043
"355","Iowa",2014,"19",1.55297204992415
"356","Iowa",2015,"19",0.980828771816685
"357","Iowa",2016,"19",0.59093811866519
"358","Iowa",2017,"19",0.526716310659898
"359","Kansas",1996,"20",2.99915234439359
"360","Kansas",1997,"20",3.323423138479
"361","Kansas",1998,"20",3.79584767513683
"362","Kansas",1999,"20",3.50693280342612
"363","Kansas",2000,"20",2.10327044611437
"364","Kansas",2001,"20",1.56640784718826
"365","Kansas",2002,"20",1.90666769859402
"366","Kansas",2003,"20",2.28904491706876
"367","Kansas",2004,"20",1.23807214499717
"368","Kansas",2005,"20",1.15015423737374
"369","Kansas",2006,"20",1.27233252577798
"370","Kansas",2007,"20",1.86257139302462
"371","Kansas",2008,"20",2.03027953615673
"372","Kansas",2009,"20",2.06407302203012
"373","Kansas",2010,"20",2.52110407420495
"374","Kansas",2011,"20",1.9073844553276
"375","Kansas",2012,"20",1.26129036020651
"376","Kansas",2013,"20",1.03038154278463
"377","Kansas",2014,"20",1.40632495293688
"378","Kansas",2015,"20",1.21026401208674
"379","Kansas",2016,"20",0.850573797552448
"380","Kansas",2017,"20",0.932591829917296
"381","Kentucky",1996,"21",6.17894527604962
"382","Kentucky",1997,"21",6.24055239814174
"383","Kentucky",1998,"21",6.76303914426097
"384","Kentucky",1999,"21",6.18595083257018
"385","Kentucky",2000,"21",5.67287748915325
"386","Kentucky",2001,"21",4.32990433316253
"387","Kentucky",2002,"21",3.36330385873065
"388","Kentucky",2003,"21",3.3476546158755
"389","Kentucky",2004,"21",3.77976461939616
"390","Kentucky",2005,"21",4.226617147522
"391","Kentucky",2006,"21",3.46573556666667
"392","Kentucky",2007,"21",3.74097357747126
"393","Kentucky",2008,"21",2.75064261060143
"394","Kentucky",2009,"21",2.20784899321186
"395","Kentucky",2010,"21",2.39443821469641
"396","Kentucky",2011,"21",1.88550106837409
"397","Kentucky",2012,"21",1.48950244705882
"398","Kentucky",2013,"21",0.897024985139543
"399","Kentucky",2014,"21",1.18035528858917
"400","Kentucky",2015,"21",0.623073110824137
"401","Kentucky",2016,"21",0.572510405461941
"402","Kentucky",2017,"21",0.681170786824181
"403","Louisiana",1996,"22",4.06062981649695
"404","Louisiana",1997,"22",4.04513213419713
"405","Louisiana",1998,"22",3.85913510212569
"406","Louisiana",1999,"22",3.76674232356979
"407","Louisiana",2000,"22",3.41683411338798
"408","Louisiana",2001,"22",3.10605413288807
"409","Louisiana",2002,"22",3.41185594322132
"410","Louisiana",2003,"22",3.35370940325539
"411","Louisiana",2004,"22",3.60974456567748
"412","Louisiana",2005,"22",3.51658089892624
"413","Louisiana",2006,"22",3.17592402949932
"414","Louisiana",2007,"22",3.93093643443761
"415","Louisiana",2008,"22",3.61597935352828
"416","Louisiana",2009,"22",3.40073192614323
"417","Louisiana",2010,"22",3.51343835949633
"418","Louisiana",2011,"22",4.21885447581945
"419","Louisiana",2012,"22",3.17788344388889
"420","Louisiana",2013,"22",2.05254533157169
"421","Louisiana",2014,"22",1.86185168180775
"422","Louisiana",2015,"22",1.44865820695212
"423","Louisiana",2016,"22",1.86050716043905
"424","Louisiana",2017,"22",1.15779346674297
"425","Maine",1996,"23",4.71842308632208
"426","Maine",1997,"23",3.9861849302727
"427","Maine",1998,"23",4.12634838885578
"428","Maine",1999,"23",3.83109581476051
"429","Maine",2000,"23",3.67895217726848
"430","Maine",2001,"23",3.47711961197441
"431","Maine",2002,"23",2.88371283373206
"432","Maine",2003,"23",2.54869591843972
"433","Maine",2004,"23",2.48799349780702
"434","Maine",2005,"23",2.12210356787879
"435","Maine",2006,"23",1.26434261812144
"436","Maine",2007,"23",0.581758333561644
"437","Maine",2008,"23",1.20439064184731
"438","Maine",2009,"23",1.27880326070409
"439","Maine",2010,"23",0.638213260709351
"440","Maine",2011,"23",0.593295581192661
"441","Maine",2012,"23",0.555109303746817
"442","Maine",2013,"23",0.738410803354747
"443","Maine",2014,"23",0.488267756489071
"444","Maine",2015,"23",0.613814344441078
"445","Maine",2016,"23",0.478177648393855
"446","Maine",2017,"23",0.801225772377622
"447","Maryland",1996,"24",5.89667876636197
"448","Maryland",1997,"24",6.54594744537114
"449","Maryland",1998,"24",6.60002819649562
"450","Maryland",1999,"24",6.17721359863014
"451","Maryland",2000,"24",6.28729271153846
"452","Maryland",2001,"24",5.93692614109589
"453","Maryland",2002,"24",5.71263590273973
"454","Maryland",2003,"24",5.75196545658263
"455","Maryland",2004,"24",5.00606575273224
"456","Maryland",2005,"24",5.26289825753425
"457","Maryland",2006,"24",4.17321610526316
"458","Maryland",2007,"24",3.66851310595406
"459","Maryland",2008,"24",2.69675909291628
"460","Maryland",2009,"24",2.26533262062615
"461","Maryland",2010,"24",1.74873585402139
"462","Maryland",2011,"24",1.41711922904483
"463","Maryland",2012,"24",0.944037745991254
"464","Maryland",2013,"24",0.797224055626192
"465","Maryland",2014,"24",0.988794198213289
"466","Maryland",2015,"24",0.876287709796149
"467","Maryland",2016,"24",0.628233728567439
"468","Maryland",2017,"24",0.943756638411778
"469","Massachusetts",1996,"25",5.6255560132851
"470","Massachusetts",1997,"25",5.71855059211406
"471","Massachusetts",1998,"25",5.98302080768219
"472","Massachusetts",1999,"25",5.45584194174583
"473","Massachusetts",2000,"25",5.04355446682099
"474","Massachusetts",2001,"25",4.88753837776282
"475","Massachusetts",2002,"25",4.3086045198939
"476","Massachusetts",2003,"25",4.76593708135495
"477","Massachusetts",2004,"25",3.981748306179
"478","Massachusetts",2005,"25",4.416119067016
"479","Massachusetts",2006,"25",3.36278448205928
"480","Massachusetts",2007,"25",3.68069261853956
"481","Massachusetts",2008,"25",3.18111186160466
"482","Massachusetts",2009,"25",2.16336096312912
"483","Massachusetts",2010,"25",2.17186915978456
"484","Massachusetts",2011,"25",2.10004240046721
"485","Massachusetts",2012,"25",1.81115124896755
"486","Massachusetts",2013,"25",1.52944534545097
"487","Massachusetts",2014,"25",1.20527131302876
"488","Massachusetts",2015,"25",0.703573683229814
"489","Massachusetts",2016,"25",0.747534629638273
"490","Massachusetts",2017,"25",0.629974077241379
"491","Michigan",1996,"26",4.65715980226876
"492","Michigan",1997,"26",4.40738025699935
"493","Michigan",1998,"26",5.41290217261834
"494","Michigan",1999,"26",4.96250809261146
"495","Michigan",2000,"26",4.37017220355626
"496","Michigan",2001,"26",3.6946128966212
"497","Michigan",2002,"26",3.04861480191167
"498","Michigan",2003,"26",3.0824879979611
"499","Michigan",2004,"26",3.25820614606365
"500","Michigan",2005,"26",3.29903531441664
"501","Michigan",2006,"26",3.08401235737309
"502","Michigan",2007,"26",3.46356155751708
"503","Michigan",2008,"26",2.99327571842784
"504","Michigan",2009,"26",1.79970386499069
"505","Michigan",2010,"26",1.96793844912924
"506","Michigan",2011,"26",1.85903298853211
"507","Michigan",2012,"26",1.96228000164994
"508","Michigan",2013,"26",1.51201927270453
"509","Michigan",2014,"26",1.82641039274883
"510","Michigan",2015,"26",1.44590819301612
"511","Michigan",2016,"26",1.1495942526203
"512","Michigan",2017,"26",1.1884745182453
"513","Minnesota",1996,"27",1.99438350756874
"514","Minnesota",1997,"27",2.25132554389182
"515","Minnesota",1998,"27",2.35258649880419
"516","Minnesota",1999,"27",1.60591779874107
"517","Minnesota",2000,"27",1.3935664433006
"518","Minnesota",2001,"27",1.06282073836672
"519","Minnesota",2002,"27",0.829935927627535
"520","Minnesota",2003,"27",1.12163832326454
"521","Minnesota",2004,"27",0.986992725571316
"522","Minnesota",2005,"27",0.764307579361953
"523","Minnesota",2006,"27",0.762685198068585
"524","Minnesota",2007,"27",0.612172442440211
"525","Minnesota",2008,"27",0.630183678895123
"526","Minnesota",2009,"27",0.478564850990327
"527","Minnesota",2010,"27",0.406748010392157
"528","Minnesota",2011,"27",0.389283706780333
"529","Minnesota",2012,"27",0.378796601229279
"530","Minnesota",2013,"27",0.588248172650709
"531","Minnesota",2014,"27",0.593539527147267
"532","Minnesota",2015,"27",0.682050779577062
"533","Minnesota",2016,"27",0.982289952959936
"534","Minnesota",2017,"27",0.910248930986568
"535","Mississippi",1996,"28",2.49289319800693
"536","Mississippi",1997,"28",1.99430745462403
"537","Mississippi",1998,"28",2.03698796380597
"538","Mississippi",1999,"28",2.25157627493606
"539","Mississippi",2000,"28",1.90724199815668
"540","Mississippi",2001,"28",1.53891032529674
"541","Mississippi",2002,"28",1.68919251896037
"542","Mississippi",2003,"28",1.45448359728945
"543","Mississippi",2004,"28",1.4435361893424
"544","Mississippi",2005,"28",1.81270823956931
"545","Mississippi",2006,"28",1.93709171840659
"546","Mississippi",2007,"28",1.7128163021978
"547","Mississippi",2008,"28",1.57045592769231
"548","Mississippi",2009,"28",1.05144489563863
"549","Mississippi",2010,"28",1.10622804585987
"550","Mississippi",2011,"28",0.955603490747087
"551","Mississippi",2012,"28",0.744192379924953
"552","Mississippi",2013,"28",0.575347865630713
"553","Mississippi",2014,"28",0.640735344115623
"554","Mississippi",2015,"28",0.516226760958904
"555","Mississippi",2016,"28",0.302316037568306
"556","Mississippi",2017,"28",0.444728053097345
"557","Missouri",1996,"29",5.76295901367553
"558","Missouri",1997,"29",5.19725442917948
"559","Missouri",1998,"29",5.00587312237963
"560","Missouri",1999,"29",5.02590689561487
"561","Missouri",2000,"29",4.16458530687971
"562","Missouri",2001,"29",3.621364351659
"563","Missouri",2002,"29",3.60278145171283
"564","Missouri",2003,"29",3.58643750185731
"565","Missouri",2004,"29",3.38237190220408
"566","Missouri",2005,"29",3.63380731563445
"567","Missouri",2006,"29",3.67870858926564
"568","Missouri",2007,"29",3.49905502355778
"569","Missouri",2008,"29",4.19215730978798
"570","Missouri",2009,"29",3.94188316788739
"571","Missouri",2010,"29",4.21545839968936
"572","Missouri",2011,"29",3.68040438068831
"573","Missouri",2012,"29",3.42252969944281
"574","Missouri",2013,"29",2.86854093896424
"575","Missouri",2014,"29",2.11554779278028
"576","Missouri",2015,"29",1.54662943427162
"577","Missouri",2016,"29",1.04223507933662
"578","Missouri",2017,"29",1.02907401724138
"579","Montana",1996,"30",4.9913840092936
"580","Montana",1997,"30",3.88102752264023
"581","Montana",1998,"30",3.38240109407766
"582","Montana",1999,"30",3.31062668037881
"583","Montana",2000,"30",3.84680830460954
"584","Montana",2001,"30",3.55718088157232
"585","Montana",2002,"30",2.97292032412665
"586","Montana",2003,"30",2.78754924673629
"587","Montana",2004,"30",2.7471926463729
"588","Montana",2005,"30",3.02067131963233
"589","Montana",2006,"30",2.3653102932192
"590","Montana",2007,"30",2.47940138978002
"591","Montana",2008,"30",2.41781264588979
"592","Montana",2009,"30",2.0729353550394
"593","Montana",2010,"30",1.96241288054422
"594","Montana",2011,"30",1.64104995321766
"595","Montana",2012,"30",1.14663283640413
"596","Montana",2013,"30",1.28681583960753
"597","Montana",2014,"30",1.28874300300661
"598","Montana",2015,"30",0.721777593236261
"599","Montana",2016,"30",0.687859853777022
"600","Montana",2017,"30",0.915830572625698
"601","Nebraska",1996,"31",3.3370434221902
"602","Nebraska",1997,"31",3.08804540603567
"603","Nebraska",1998,"31",1.21983273286713
"604","Nebraska",1999,"31",0.534006653846154
"605","Nebraska",2000,"31",0.481690069096431
"606","Nebraska",2001,"31",0.22747643537415
"607","Nebraska",2002,"31",0.596257218012866
"608","Nebraska",2003,"31",0.532465660928144
"609","Nebraska",2004,"31",1.02909452133044
"610","Nebraska",2005,"31",1.83292158757851
"611","Nebraska",2006,"31",0.934077477622378
"612","Nebraska",2007,"31",1.39692576928471
"613","Nebraska",2008,"31",0.780705255464481
"614","Nebraska",2009,"31",1.35713812831541
"615","Nebraska",2010,"31",1.47155859190672
"616","Nebraska",2011,"31",1.5551238817734
"617","Nebraska",2012,"31",1.55245533997253
"618","Nebraska",2013,"31",1.34067029957806
"619","Nebraska",2014,"31",1.14823685794655
"620","Nebraska",2015,"31",0.830750248630137
"621","Nebraska",2016,"31",0.662222266937669
"622","Nebraska",2017,"31",0.774134549362477
"623","Nevada",1998,"32",0.473623011643836
"624","Nevada",1999,"32",0.372147993150685
"625","Nevada",2000,"32",0.197107269911504
"626","Nevada",2001,"32",0.67137900600343
"627","Nevada",2002,"32",0.304538616780822
"628","Nevada",2003,"32",0.420142713105727
"629","Nevada",2004,"32",1.56454154820937
"630","Nevada",2005,"32",5.28207118465909
"631","Nevada",2006,"32",0.814020246575342
"632","Nevada",2007,"32",0.156641820289855
"633","Nevada",2008,"32",0.0100690730337079
"634","Nevada",2010,"32",0.4304355
"635","Nevada",2011,"32",0.855156951856946
"636","Nevada",2012,"32",0.852539621584699
"637","Nevada",2013,"32",1.01382784895105
"638","Nevada",2014,"32",0.85361022008547
"639","Nevada",2015,"32",0.783798532514451
"640","Nevada",2016,"32",0.475455888346127
"641","Nevada",2017,"32",0.51695127758501
"642","New Hampshire",1996,"33",4.35790239434107
"643","New Hampshire",1997,"33",4.3368546886972
"644","New Hampshire",1998,"33",4.46526894588296
"645","New Hampshire",1999,"33",4.05285757073094
"646","New Hampshire",2000,"33",3.41806794417793
"647","New Hampshire",2001,"33",3.92897413600594
"648","New Hampshire",2002,"33",3.09676006229508
"649","New Hampshire",2003,"33",3.65243349832102
"650","New Hampshire",2004,"33",4.48671808532176
"651","New Hampshire",2005,"33",4.34313927169421
"652","New Hampshire",2006,"33",3.64119318937729
"653","New Hampshire",2007,"33",4.15683160569853
"654","New Hampshire",2008,"33",3.46643153449063
"655","New Hampshire",2009,"33",4.23592097808219
"656","New Hampshire",2010,"33",4.4230271010952
"657","New Hampshire",2011,"33",2.12278660814249
"658","New Hampshire",2012,"33",0.996571061379136
"659","New Hampshire",2013,"33",1.10666720784418
"660","New Hampshire",2014,"33",0.965439130530365
"661","New Hampshire",2015,"33",0.819517740306834
"662","New Hampshire",2016,"33",0.748572091460055
"663","New Hampshire",2017,"33",0.829347989310345
"664","New Jersey",1996,"34",5.72339822856074
"665","New Jersey",1997,"34",5.47995899412489
"666","New Jersey",1998,"34",5.27810229384482
"667","New Jersey",1999,"34",4.99346192916584
"668","New Jersey",2000,"34",5.14178307821053
"669","New Jersey",2001,"34",5.31897596295146
"670","New Jersey",2002,"34",4.78620687359523
"671","New Jersey",2003,"34",5.11706969635925
"672","New Jersey",2004,"34",4.84774637651178
"673","New Jersey",2005,"34",4.94176277101019
"674","New Jersey",2006,"34",3.66697004224
"675","New Jersey",2007,"34",2.91589278148984
"676","New Jersey",2008,"34",2.20355112365468
"677","New Jersey",2009,"34",1.53124687027915
"678","New Jersey",2010,"34",1.21467357529649
"679","New Jersey",2011,"34",1.72318692221822
"680","New Jersey",2012,"34",0.960306938686131
"681","New Jersey",2013,"34",0.612221635275081
"682","New Jersey",2014,"34",0.597665261569108
"683","New Jersey",2015,"34",0.312841515696434
"684","New Jersey",2016,"34",0.270573770719074
"685","New Jersey",2017,"34",0.161457720837792
"686","New Mexico",1996,"35",3.25929291054877
"687","New Mexico",1997,"35",3.7711239805136
"688","New Mexico",1998,"35",3.57859148484848
"689","New Mexico",1999,"35",2.55776954173107
"690","New Mexico",2000,"35",1.84829144179894
"691","New Mexico",2001,"35",1.41130964072049
"692","New Mexico",2002,"35",0.885293996296296
"693","New Mexico",2003,"35",1.05123901026119
"694","New Mexico",2004,"35",0.789150553398058
"695","New Mexico",2005,"35",0.61138144318496
"696","New Mexico",2006,"35",0.459298269230769
"697","New Mexico",2007,"35",0.397052169772257
"698","New Mexico",2008,"35",0.242395618396749
"699","New Mexico",2009,"35",0.48448002728013
"700","New Mexico",2010,"35",0.578817878481894
"701","New Mexico",2011,"35",0.584584505541347
"702","New Mexico",2012,"35",0.495135512752076
"703","New Mexico",2013,"35",0.354096862068966
"704","New Mexico",2014,"35",0.211154746130031
"705","New Mexico",2015,"35",0.261823127536232
"706","New Mexico",2016,"35",0.389011701202263
"707","New Mexico",2017,"35",0.256618971139971
"708","New York",1996,"36",6.05663749038876
"709","New York",1997,"36",5.57103676687453
"710","New York",1998,"36",5.36499560256221
"711","New York",1999,"36",5.58334695698251
"712","New York",2000,"36",5.59414151077798
"713","New York",2001,"36",5.55084288964187
"714","New York",2002,"36",4.75096896975273
"715","New York",2003,"36",4.69515777873191
"716","New York",2004,"36",4.07991503618736
"717","New York",2005,"36",4.13560775910082
"718","New York",2006,"36",3.38506021338749
"719","New York",2007,"36",3.28079786335116
"720","New York",2008,"36",2.86048732767108
"721","New York",2009,"36",2.14769896366714
"722","New York",2010,"36",1.66025852465707
"723","New York",2011,"36",1.52088011518294
"724","New York",2012,"36",1.26092541138665
"725","New York",2013,"36",1.21394315872534
"726","New York",2014,"36",1.06030827214545
"727","New York",2015,"36",0.995461109920751
"728","New York",2016,"36",0.424143903296543
"729","New York",2017,"36",0.568815909406393
"730","North Carolina",1996,"37",4.14693024232633
"731","North Carolina",1997,"37",5.85493883063115
"732","North Carolina",1998,"37",5.47414840014286
"733","North Carolina",1999,"37",5.21041638523041
"734","North Carolina",2000,"37",4.28949357598731
"735","North Carolina",2001,"37",3.29158947107737
"736","North Carolina",2002,"37",3.68738493296886
"737","North Carolina",2003,"37",3.72901722615348
"738","North Carolina",2004,"37",3.18017170372389
"739","North Carolina",2005,"37",2.95060368582658
"740","North Carolina",2006,"37",2.89306744788797
"741","North Carolina",2007,"37",2.61341686886395
"742","North Carolina",2008,"37",2.91033845061728
"743","North Carolina",2009,"37",1.93400436808989
"744","North Carolina",2010,"37",1.26383364474826
"745","North Carolina",2011,"37",0.846300006919731
"746","North Carolina",2012,"37",0.564275601706642
"747","North Carolina",2013,"37",0.433145079690189
"748","North Carolina",2014,"37",0.366319732942266
"749","North Carolina",2015,"37",0.362534587276468
"750","North Carolina",2016,"37",0.172157230828103
"751","North Carolina",2017,"37",0.774891159486188
"752","North Dakota",1996,"38",2.02747312080298
"753","North Dakota",1997,"38",1.9333567560934
"754","North Dakota",1998,"38",2.007161971966
"755","North Dakota",1999,"38",1.69630329609284
"756","North Dakota",2000,"38",1.63753912183678
"757","North Dakota",2001,"38",1.51445995926647
"758","North Dakota",2002,"38",1.2879388250497
"759","North Dakota",2003,"38",1.57050348291753
"760","North Dakota",2004,"38",1.51689421393817
"761","North Dakota",2005,"38",1.01640766888246
"762","North Dakota",2006,"38",0.707677270927462
"763","North Dakota",2007,"38",0.774193774567418
"764","North Dakota",2008,"38",0.777692544514838
"765","North Dakota",2009,"38",0.879755844357639
"766","North Dakota",2010,"38",0.947201121372719
"767","North Dakota",2011,"38",0.67208989291685
"768","North Dakota",2012,"38",0.805822183894231
"769","North Dakota",2013,"38",0.751887760543372
"770","North Dakota",2014,"38",0.720951400485858
"771","North Dakota",2015,"38",0.718048246662325
"772","North Dakota",2016,"38",0.564377686769231
"773","North Dakota",2017,"38",0.791185765823339
"774","Ohio",1996,"39",6.52013835159508
"775","Ohio",1997,"39",6.41246818551196
"776","Ohio",1998,"39",6.45018773090107
"777","Ohio",1999,"39",6.52308117494574
"778","Ohio",2000,"39",6.03600845712868
"779","Ohio",2001,"39",6.03762985678322
"780","Ohio",2002,"39",5.8434322106317
"781","Ohio",2003,"39",5.88248341770863
"782","Ohio",2004,"39",5.52451598605363
"783","Ohio",2005,"39",5.55555263821537
"784","Ohio",2006,"39",4.44321667284976
"785","Ohio",2007,"39",4.22398484586153
"786","Ohio",2008,"39",3.80093687487315
"787","Ohio",2009,"39",3.25977793454508
"788","Ohio",2010,"39",2.93535380327343
"789","Ohio",2011,"39",2.86896770629529
"790","Ohio",2012,"39",2.35825217355037
"791","Ohio",2013,"39",1.77470911143594
"792","Ohio",2014,"39",1.78985811990347
"793","Ohio",2015,"39",1.34545406286345
"794","Ohio",2016,"39",0.829064457274145
"795","Ohio",2017,"39",0.593199941781898
"796","Oklahoma",1996,"40",4.1921025167336
"797","Oklahoma",1997,"40",5.52400642314436
"798","Oklahoma",1998,"40",7.43771461779053
"799","Oklahoma",1999,"40",4.99020574575205
"800","Oklahoma",2000,"40",3.5582067493276
"801","Oklahoma",2001,"40",3.10883617930591
"802","Oklahoma",2002,"40",2.99643458339774
"803","Oklahoma",2003,"40",3.34632579400305
"804","Oklahoma",2004,"40",3.02907882885995
"805","Oklahoma",2005,"40",3.18244420526471
"806","Oklahoma",2006,"40",3.16688607657454
"807","Oklahoma",2007,"40",2.8327790171412
"808","Oklahoma",2008,"40",3.13705879919448
"809","Oklahoma",2009,"40",2.10624667846751
"810","Oklahoma",2010,"40",2.10119172692037
"811","Oklahoma",2011,"40",2.071437565225
"812","Oklahoma",2012,"40",1.55409823805147
"813","Oklahoma",2013,"40",1.11590434053214
"814","Oklahoma",2014,"40",0.75080120439249
"815","Oklahoma",2015,"40",0.807759420680131
"816","Oklahoma",2016,"40",0.700013168664082
"817","Oklahoma",2017,"40",0.646983699335548
"818","Oregon",2003,"41",1.41759255555556
"819","Oregon",2004,"41",1.88284203571429
"820","Oregon",2005,"41",1.6176322539185
"821","Oregon",2006,"41",1.49877396575342
"822","Oregon",2007,"41",1.26014542485119
"823","Oregon",2008,"41",0.982617200501253
"824","Oregon",2009,"41",1.60420962054795
"825","Oregon",2010,"41",1.33806320136986
"826","Oregon",2011,"41",0.756050352507375
"827","Oregon",2012,"41",0.633979452586207
"828","Oregon",2013,"41",1.06846278107345
"829","Oregon",2014,"41",0.826138241912799
"830","Oregon",2015,"41",0.466264526027397
"831","Oregon",2016,"41",0.188430197183099
"832","Oregon",2017,"41",0.344335511730205
"833","Pennsylvania",1996,"42",8.43435320428106
"834","Pennsylvania",1997,"42",9.06795615457581
"835","Pennsylvania",1998,"42",8.32277268991027
"836","Pennsylvania",1999,"42",7.8455409254868
"837","Pennsylvania",2000,"42",7.47493481070459
"838","Pennsylvania",2001,"42",7.8686108066627
"839","Pennsylvania",2002,"42",7.16944285920876
"840","Pennsylvania",2003,"42",7.18842581938671
"841","Pennsylvania",2004,"42",6.46360338580797
"842","Pennsylvania",2005,"42",7.03968885127565
"843","Pennsylvania",2006,"42",6.07888856967501
"844","Pennsylvania",2007,"42",5.97422937831804
"845","Pennsylvania",2008,"42",4.93423631230518
"846","Pennsylvania",2009,"42",4.29299509027013
"847","Pennsylvania",2010,"42",3.5511723186926
"848","Pennsylvania",2011,"42",2.5724287425608
"849","Pennsylvania",2012,"42",2.15223027427012
"850","Pennsylvania",2013,"42",1.85052486361516
"851","Pennsylvania",2014,"42",1.87397449066695
"852","Pennsylvania",2015,"42",1.53683090660557
"853","Pennsylvania",2016,"42",0.938110248761865
"854","Pennsylvania",2017,"42",0.823445580581981
"855","Puerto Rico",1996,"72",3.37733864674984
"856","Puerto Rico",1997,"72",2.98585191173021
"857","Puerto Rico",1998,"72",2.83015956392236
"858","Puerto Rico",1999,"72",3.31381117032699
"859","Puerto Rico",2000,"72",3.58303931156716
"860","Puerto Rico",2001,"72",2.97769918053927
"861","Puerto Rico",2002,"72",4.82690490986314
"862","Puerto Rico",2003,"72",1.55366279119086
"863","Puerto Rico",2004,"72",2.68294277251732
"864","Puerto Rico",2005,"72",2.52544196045576
"865","Puerto Rico",2006,"72",2.28697782014389
"866","Puerto Rico",2007,"72",2.01760549620844
"867","Puerto Rico",2008,"72",2.11432788539157
"868","Puerto Rico",2009,"72",2.07475440239437
"869","Puerto Rico",2010,"72",1.72783626556017
"870","Puerto Rico",2011,"72",1.43815559001233
"871","Puerto Rico",2012,"72",1.57201442014342
"872","Puerto Rico",2013,"72",2.70996620430108
"873","Puerto Rico",2014,"72",1.40682078516295
"874","Puerto Rico",2015,"72",1.471212354
"875","Puerto Rico",2016,"72",1.69910465206959
"876","Puerto Rico",2017,"72",0.765104175651121
"877","Rhode Island",1996,"44",7.49372078038674
"878","Rhode Island",1997,"44",6.60507571808015
"879","Rhode Island",1998,"44",6.46895886917808
"880","Rhode Island",1999,"44",6.30062970994475
"881","Rhode Island",2000,"44",5.84732996712329
"882","Rhode Island",2001,"44",6.18117706438356
"883","Rhode Island",2002,"44",5.32911247005571
"884","Rhode Island",2003,"44",5.28474346917808
"885","Rhode Island",2004,"44",6.00075013305899
"886","Rhode Island",2005,"44",5.11699147765363
"887","Rhode Island",2006,"44",3.92543108579466
"888","Rhode Island",2007,"44",4.29855486506469
"889","Rhode Island",2008,"44",2.05991126330532
"890","Rhode Island",2009,"44",1.80000761538462
"891","Rhode Island",2010,"44",1.3519743907563
"892","Rhode Island",2011,"44",1.22861520134731
"893","Rhode Island",2012,"44",1.18396417354196
"894","Rhode Island",2013,"44",0.596084333333333
"895","Rhode Island",2014,"44",0.592938156378601
"896","Rhode Island",2015,"44",0.344461582191781
"897","Rhode Island",2016,"44",0.244075316256831
"898","Rhode Island",2017,"44",0.231618434931507
"899","South Carolina",1996,"45",1.04902796881931
"900","South Carolina",1997,"45",0.995588999129353
"901","South Carolina",1998,"45",1.59557344597544
"902","South Carolina",1999,"45",1.77210772145863
"903","South Carolina",2000,"45",1.78164255863192
"904","South Carolina",2001,"45",2.00986920019131
"905","South Carolina",2002,"45",1.87284218610623
"906","South Carolina",2003,"45",1.90938700250313
"907","South Carolina",2004,"45",1.84933826743596
"908","South Carolina",2005,"45",2.03236728212851
"909","South Carolina",2006,"45",1.77462509262522
"910","South Carolina",2007,"45",1.53019168863866
"911","South Carolina",2008,"45",1.28963975766747
"912","South Carolina",2009,"45",0.785443570909091
"913","South Carolina",2010,"45",0.847123418371522
"914","South Carolina",2011,"45",0.678335590780998
"915","South Carolina",2012,"45",0.387616190159003
"916","South Carolina",2013,"45",0.32679490427971
"917","South Carolina",2014,"45",0.444417683319398
"918","South Carolina",2015,"45",0.279225380329348
"919","South Carolina",2016,"45",0.214583538429319
"920","South Carolina",2017,"45",0.224420857083333
"921","South Dakota",2001,"46",0.0433070163934426
"922","South Dakota",2002,"46",0.312493746945899
"923","South Dakota",2003,"46",0.579744930473373
"924","South Dakota",2004,"46",0.256191971232877
"925","South Dakota",2005,"46",0.683148891224863
"926","South Dakota",2006,"46",0.601312949443414
"927","South Dakota",2007,"46",0.471256213345865
"928","South Dakota",2008,"46",0.81724189640884
"929","South Dakota",2009,"46",0.378907352787456
"930","South Dakota",2010,"46",0.414383656732892
"931","South Dakota",2011,"46",0.53891140671849
"932","South Dakota",2012,"46",0.370280888705234
"933","South Dakota",2013,"46",0.338284129291251
"934","South Dakota",2014,"46",0.377226486206897
"935","South Dakota",2015,"46",0.714036246376812
"936","South Dakota",2016,"46",0.344947799453365
"937","South Dakota",2017,"46",0.435180407317073
"938","Tennessee",1996,"47",5.60143931932856
"939","Tennessee",1997,"47",6.26180432511538
"940","Tennessee",1998,"47",5.75448405133584
"941","Tennessee",1999,"47",5.35650959025343
"942","Tennessee",2000,"47",5.33793890719665
"943","Tennessee",2001,"47",4.85701787414698
"944","Tennessee",2002,"47",4.61431111326799
"945","Tennessee",2003,"47",5.07267444149665
"946","Tennessee",2004,"47",4.98563150191758
"947","Tennessee",2005,"47",4.53986819186871
"948","Tennessee",2006,"47",4.39723178463171
"949","Tennessee",2007,"47",4.28791870489112
"950","Tennessee",2008,"47",4.22107808696144
"951","Tennessee",2009,"47",2.74270275944518
"952","Tennessee",2010,"47",3.26592638920885
"953","Tennessee",2011,"47",2.27304130246276
"954","Tennessee",2012,"47",1.84056850036617
"955","Tennessee",2013,"47",1.09581699932402
"956","Tennessee",2014,"47",1.95382045512821
"957","Tennessee",2015,"47",1.58581035830816
"958","Tennessee",2016,"47",1.2357167275158
"959","Tennessee",2017,"47",1.24050481347271
"960","Texas",1996,"48",4.06713814733311
"961","Texas",1997,"48",3.52272652868246
"962","Texas",1998,"48",3.1853329687771
"963","Texas",1999,"48",2.87774734098482
"964","Texas",2000,"48",2.42610791498471
"965","Texas",2001,"48",2.06138057052674
"966","Texas",2002,"48",1.31406131296024
"967","Texas",2003,"48",1.88391756567538
"968","Texas",2004,"48",1.90387260699509
"969","Texas",2005,"48",1.92932614146707
"970","Texas",2006,"48",1.53744629906369
"971","Texas",2007,"48",1.26100771823984
"972","Texas",2008,"48",0.942109680481818
"973","Texas",2009,"48",0.828574194958465
"974","Texas",2010,"48",0.889320058466472
"975","Texas",2011,"48",0.799774369573548
"976","Texas",2012,"48",0.594170949183896
"977","Texas",2013,"48",0.504191992603861
"978","Texas",2014,"48",0.412404642991954
"979","Texas",2015,"48",0.354725722285068
"980","Texas",2016,"48",0.457587959011093
"981","Texas",2017,"48",0.931026019488708
"982","Utah",1996,"49",2.19099150248071
"983","Utah",1997,"49",1.86213068405094
"984","Utah",1998,"49",1.97330011912337
"985","Utah",1999,"49",2.09588177981334
"986","Utah",2000,"49",2.33832865196416
"987","Utah",2001,"49",2.580889265625
"988","Utah",2002,"49",2.51149673211314
"989","Utah",2003,"49",2.25464893826112
"990","Utah",2004,"49",2.19247867709599
"991","Utah",2005,"49",2.12944717780294
"992","Utah",2006,"49",2.03281282418301
"993","Utah",2007,"49",1.84340251628552
"994","Utah",2008,"49",1.95702030576527
"995","Utah",2009,"49",2.25996491332873
"996","Utah",2010,"49",2.25858523788694
"997","Utah",2011,"49",1.34092849641082
"998","Utah",2012,"49",0.995267906704274
"999","Utah",2013,"49",1.13141185664336
"1000","Utah",2014,"49",0.510796862426036
"1001","Utah",2015,"49",0.332083528901734
"1002","Utah",2016,"49",0.730488434210526
"1003","Utah",2017,"49",0.303878377966102
"1004","Vermont",1996,"50",3.83548785370879
"1005","Vermont",1997,"50",4.37761886013986
"1006","Vermont",1998,"50",3.51724281027397
"1007","Vermont",1999,"50",3.09967520348837
"1008","Vermont",2000,"50",3.54808957305503
"1009","Vermont",2001,"50",4.85236993370166
"1010","Vermont",2002,"50",4.82394687569061
"1011","Vermont",2003,"50",4.08175044360902
"1012","Vermont",2004,"50",3.50202297790449
"1013","Vermont",2005,"50",4.90570388219178
"1014","Vermont",2006,"50",4.3496026
"1015","Vermont",2007,"50",4.61308970096022
"1016","Vermont",2008,"50",3.60435432240437
"1017","Vermont",2009,"50",2.80690370958904
"1018","Vermont",2010,"50",2.40035628530259
"1019","Vermont",2011,"50",1.83121354251701
"1020","Vermont",2012,"50",0.971185135042735
"1021","Vermont",2013,"50",0.621583867940199
"1022","Vermont",2014,"50",0.492667315048184
"1023","Vermont",2015,"50",0.328195104827586
"1024","Vermont",2016,"50",0.0874391270833333
"1025","Vermont",2017,"50",0.224139371169916
"1026","Virgin Islands",1996,"78",3.25391246011004
"1027","Virgin Islands",1997,"78",3.39929832210835
"1028","Virgin Islands",1998,"78",2.88650653727506
"1029","Virgin Islands",1999,"78",1.7724395945546
"1030","Virgin Islands",2000,"78",2.0267183363388
"1031","Virgin Islands",2001,"78",1.31771297813717
"1032","Virgin Islands",2002,"78",1.90560200383772
"1033","Virgin Islands",2003,"78",1.94467832784185
"1034","Virgin Islands",2004,"78",1.4398233376197
"1035","Virgin Islands",2005,"78",1.13924091186161
"1036","Virgin Islands",2006,"78",1.26221051836623
"1037","Virgin Islands",2007,"78",1.2430914230554
"1038","Virgin Islands",2008,"78",1.36961876588629
"1039","Virgin Islands",2009,"78",0.97586423369863
"1040","Virgin Islands",2010,"78",0.879782703642384
"1041","Virgin Islands",2011,"78",1.55740710553872
"1042","Virgin Islands",2012,"78",1.229451112529
"1043","Virgin Islands",2013,"78",0.947938432017544
"1044","Virginia",1996,"51",6.01800794077135
"1045","Virginia",1997,"51",6.14305463685675
"1046","Virginia",1998,"51",5.72440632261551
"1047","Virginia",1999,"51",5.32561793779966
"1048","Virginia",2000,"51",5.92404489633233
"1049","Virginia",2001,"51",4.56013611820395
"1050","Virginia",2002,"51",4.17061862986425
"1051","Virginia",2003,"51",3.87089526116578
"1052","Virginia",2004,"51",3.78455187354135
"1053","Virginia",2005,"51",3.88574831169566
"1054","Virginia",2006,"51",3.17789481655192
"1055","Virginia",2007,"51",3.43661116197379
"1056","Virginia",2008,"51",2.83376574628331
"1057","Virginia",2009,"51",2.08649978283186
"1058","Virginia",2010,"51",1.80926316727835
"1059","Virginia",2011,"51",1.09870872293324
"1060","Virginia",2012,"51",0.686958009670178
"1061","Virginia",2013,"51",0.828578391400888
"1062","Virginia",2014,"51",0.828594333265139
"1063","Virginia",2015,"51",0.522382114399206
"1064","Virginia",2016,"51",0.376335906355848
"1065","Virginia",2017,"51",1.62721443467337
"1066","Washington",1996,"53",5.06713505615886
"1067","Washington",1997,"53",4.61653193418088
"1068","Washington",1998,"53",4.65224705336386
"1069","Washington",1999,"53",4.75098997066356
"1070","Washington",2000,"53",2.10047330307942
"1071","Washington",2001,"53",2.30606617498243
"1072","Washington",2002,"53",1.65859449794521
"1073","Washington",2003,"53",1.50536432857143
"1074","Washington",2004,"53",1.73684893978189
"1075","Washington",2005,"53",2.48984815769231
"1076","Washington",2006,"53",1.31837788319088
"1077","Washington",2007,"53",1.34959578186083
"1078","Washington",2008,"53",0.762021139390811
"1079","Washington",2009,"53",0.731393168044077
"1080","Washington",2010,"53",0.92287617032967
"1081","Washington",2011,"53",0.677696660652325
"1082","Washington",2012,"53",0.592949622205089
"1083","Washington",2013,"53",0.516237416988417
"1084","Washington",2014,"53",0.430412545779685
"1085","Washington",2015,"53",0.5067608221722
"1086","Washington",2016,"53",0.398731906593407
"1087","Washington",2017,"53",0.925859551342034
"1088","West Virginia",1996,"54",9.70117413888723
"1089","West Virginia",1997,"54",10.2869204036384
"1090","West Virginia",1998,"54",10.8054330492893
"1091","West Virginia",1999,"54",11.2494253406339
"1092","West Virginia",2000,"54",10.8725220169835
"1093","West Virginia",2001,"54",10.2990634806627
"1094","West Virginia",2002,"54",9.51975504546593
"1095","West Virginia",2003,"54",9.76530531566955
"1096","West Virginia",2004,"54",9.78624455627176
"1097","West Virginia",2005,"54",9.5471232745113
"1098","West Virginia",2006,"54",9.10325909591401
"1099","West Virginia",2007,"54",8.74554123875225
"1100","West Virginia",2008,"54",8.19614190501026
"1101","West Virginia",2009,"54",6.13291858272265
"1102","West Virginia",2010,"54",5.07945170374525
"1103","West Virginia",2011,"54",4.64624677018365
"1104","West Virginia",2012,"54",3.93616873598303
"1105","West Virginia",2013,"54",3.32361365069785
"1106","West Virginia",2014,"54",2.814657174947
"1107","West Virginia",2015,"54",2.12352977314172
"1108","West Virginia",2016,"54",1.90270163727039
"1109","West Virginia",2017,"54",1.84299188690937
"1110","Wisconsin",1996,"55",3.47104415175832
"1111","Wisconsin",1997,"55",3.39096283505836
"1112","Wisconsin",1998,"55",3.23938406468052
"1113","Wisconsin",1999,"55",3.64489788351499
"1114","Wisconsin",2000,"55",3.96155124856816
"1115","Wisconsin",2001,"55",3.49906113314547
"1116","Wisconsin",2002,"55",3.95009673324213
"1117","Wisconsin",2003,"55",2.94949747702779
"1118","Wisconsin",2004,"55",3.46724184176633
"1119","Wisconsin",2005,"55",3.68715302834428
"1120","Wisconsin",2006,"55",3.34173352017291
"1121","Wisconsin",2007,"55",3.39749514243542
"1122","Wisconsin",2008,"55",2.76059127972509
"1123","Wisconsin",2009,"55",2.52720908308824
"1124","Wisconsin",2010,"55",2.53788700670194
"1125","Wisconsin",2011,"55",2.07802927566225
"1126","Wisconsin",2012,"55",1.86315743743048
"1127","Wisconsin",2013,"55",1.63524076172868
"1128","Wisconsin",2014,"55",1.8357554773559
"1129","Wisconsin",2015,"55",1.46579221149425
"1130","Wisconsin",2016,"55",0.706368321092495
"1131","Wisconsin",2017,"55",0.508946188516559
"1132","Wyoming",2002,"56",4.80166666986301
"1133","Wyoming",2003,"56",2.36850193013699
"1134","Wyoming",2004,"56",1.68031811947246
"1135","Wyoming",2005,"56",2.2160277700831
"1136","Wyoming",2006,"56",1.11224276936724
"1137","Wyoming",2007,"56",1.02828757929642
"1138","Wyoming",2008,"56",1.01533518634227
"1139","Wyoming",2009,"56",0.684199402423866
"1140","Wyoming",2010,"56",0.932840487486398
"1141","Wyoming",2011,"56",0.91373377661248
"1142","Wyoming",2012,"56",0.949889218141234
"1143","Wyoming",2013,"56",1.34662155258467
"1144","Wyoming",2014,"56",1.63096031067639
"1145","Wyoming",2015,"56",1.3781330767683
"1146","Wyoming",2016,"56",1.3028084949807
"1147","Wyoming",2017,"56",1.06042349590835
